1,"[1, 0, 0, 1, 0, 1, 0]"
2,"[1, 1, 0, 0, 1, 0, 0]"
3,"[1, 0, 1, 0, 0, 1, 0]"
4,"[0, 0, 1, 1, 0, 1, 1]"
5,"[1, 1, 1, 0, 0, 1, 1]"
6,"[1, 0, 0, 1, 1, 1, 0]"
7,"[0, 0, 0, 1, 1, 0, 0]"
8,"[1, 1, 0, 0, 0, 0, 0]"
9,"[0, 1, 0, 1, 1, 0, 0]"
10,"[1, 1, 0, 1, 1, 0, 1]"
11,"[0, 0, 0, 1, 1, 1, 0]"
12,"[0, 0, 1, 0, 0, 0, 0]"
13,"[0, 1, 0, 1, 0, 0, 0]"
14,"[1, 1, 1, 0, 1, 1, 0]"
15,"[0, 1, 1, 1, 0, 0, 0]"
16,"[1, 1, 1, 0, 0, 0, 0]"
17,"[1, 0, 1, 1, 0, 1, 1]"
18,"[0, 0, 0, 1, 1, 1, 1]"
19,"[1, 1, 1, 1, 0, 1, 1]"
20,"[1, 1, 0, 0, 0, 0, 1]"
21,"[1, 0, 1, 1, 0, 1, 0]"
22,"[0, 0, 1, 0, 0, 0, 1]"
23,"[1, 0, 0, 1, 0, 0, 0]"
24,"[0, 1, 1, 1, 0, 1, 1]"
25,"[0, 0, 0, 0, 0, 1, 0]"
26,"[1, 0, 1, 0, 0, 1, 1]"
27,"[1, 0, 1, 0, 0, 1, 0]"
28,"[1, 1, 1, 0, 1, 0, 1]"
29,"[0, 1, 1, 0, 0, 1, 0]"
30,"[1, 0, 0, 0, 0, 1, 1]"
31,"[0, 1, 0, 0, 1, 0, 1]"
32,"[1, 1, 0, 1, 0, 1, 1]"
33,"[0, 1, 0, 0, 0, 0, 1]"
34,"[1, 0, 1, 1, 0, 1, 0]"
35,"[1, 1, 0, 1, 1, 0, 1]"
36,"[1, 1, 0, 0, 1, 1, 0]"
37,"[0, 1, 1, 0, 0, 1, 1]"
38,"[1, 0, 1, 1, 1, 1, 0]"
39,"[1, 1, 1, 0, 0, 0, 1]"
40,"[1, 0, 0, 1, 0, 1, 0]"
41,"[1, 1, 1, 1, 0, 1, 0]"
42,"[0, 1, 1, 0, 0, 0, 1]"
43,"[1, 1, 1, 1, 0, 1, 1]"
44,"[0, 1, 0, 1, 1, 1, 0]"
45,"[1, 1, 0, 0, 1, 1, 0]"
46,"[0, 1, 1, 0, 1, 1, 0]"
47,"[0, 1, 0, 1, 1, 0, 1]"
48,"[0, 0, 0, 0, 0, 1, 1]"
49,"[0, 0, 0, 0, 0, 0, 1]"
50,"[0, 0, 1, 1, 1, 1, 1]"
51,"[1, 1, 1, 0, 0, 0, 0]"
52,"[1, 1, 0, 0, 1, 1, 1]"
53,"[1, 0, 0, 0, 0, 1, 1]"
54,"[0, 1, 0, 0, 0, 1, 0]"
55,"[1, 1, 0, 0, 1, 1, 0]"
56,"[1, 1, 0, 0, 0, 0, 1]"
57,"[0, 1, 0, 0, 1, 0, 1]"
58,"[0, 1, 0, 1, 1, 0, 0]"
59,"[1, 1, 1, 0, 1, 0, 0]"
60,"[1, 1, 1, 0, 1, 0, 1]"
61,"[0, 0, 0, 0, 1, 1, 0]"
62,"[1, 0, 0, 1, 0, 0, 0]"
63,"[1, 1, 1, 0, 0, 0, 1]"
64,"[0, 1, 1, 1, 1, 1, 1]"
65,"[0, 0, 0, 0, 1, 1, 1]"
66,"[1, 1, 1, 1, 1, 0, 0]"
67,"[1, 0, 0, 0, 1, 1, 1]"
68,"[1, 1, 1, 1, 0, 1, 1]"
69,"[0, 0, 0, 1, 1, 0, 1]"
70,"[0, 0, 1, 1, 0, 0, 1]"
71,"[1, 0, 0, 1, 0, 0, 1]"
72,"[1, 1, 0, 1, 0, 1, 0]"
73,"[1, 0, 1, 1, 1, 0, 0]"
74,"[0, 1, 0, 1, 0, 0, 0]"
75,"[1, 0, 1, 0, 0, 0, 0]"
76,"[1, 1, 0, 1, 0, 0, 1]"
77,"[0, 1, 0, 1, 0, 0, 1]"
78,"[1, 0, 1, 1, 1, 0, 1]"
79,"[1, 1, 0, 0, 0, 1, 1]"
80,"[0, 1, 1, 1, 0, 1, 1]"
81,"[1, 0, 1, 0, 0, 0, 1]"
82,"[0, 0, 0, 1, 0, 0, 0]"
83,"[0, 1, 1, 1, 1, 0, 0]"
84,"[1, 1, 0, 0, 0, 0, 1]"
85,"[0, 0, 1, 1, 0, 0, 1]"
86,"[1, 1, 1, 0, 0, 1, 1]"
87,"[1, 0, 0, 0, 1, 0, 0]"
88,"[1, 0, 1, 1, 1, 1, 1]"
89,"[1, 0, 1, 0, 0, 1, 0]"
90,"[0, 1, 1, 1, 1, 1, 1]"
91,"[0, 0, 0, 0, 0, 1, 0]"
92,"[0, 0, 0, 1, 1, 1, 0]"
93,"[0, 1, 1, 1, 0, 0, 0]"
94,"[1, 0, 0, 1, 1, 1, 1]"
95,"[1, 1, 0, 1, 1, 0, 1]"
96,"[1, 0, 0, 1, 1, 0, 1]"
97,"[1, 0, 0, 1, 1, 0, 1]"
98,"[0, 0, 0, 0, 0, 0, 1]"
99,"[1, 1, 0, 0, 0, 1, 1]"
100,"[1, 0, 0, 0, 1, 0, 0]"
101,"[1, 1, 1, 0, 0, 0, 1]"
102,"[0, 0, 1, 1, 0, 0, 1]"
103,"[1, 0, 0, 0, 0, 0, 0]"
104,"[1, 1, 1, 1, 0, 0, 0]"
105,"[1, 1, 1, 1, 0, 1, 1]"
106,"[1, 1, 1, 0, 1, 1, 0]"
107,"[1, 1, 0, 0, 1, 0, 0]"
108,"[0, 1, 0, 1, 0, 1, 1]"
109,"[0, 1, 0, 1, 0, 0, 0]"
110,"[1, 0, 1, 1, 0, 0, 0]"
111,"[0, 1, 0, 1, 1, 0, 1]"
112,"[1, 0, 0, 1, 0, 0, 0]"
113,"[1, 1, 1, 0, 1, 1, 0]"
114,"[0, 1, 1, 1, 1, 0, 1]"
115,"[1, 0, 0, 0, 0, 1, 1]"
116,"[0, 0, 0, 1, 1, 1, 1]"
117,"[0, 1, 0, 1, 0, 1, 0]"
118,"[0, 0, 1, 1, 0, 1, 0]"
119,"[0, 0, 0, 0, 0, 1, 1]"
120,"[1, 1, 0, 1, 0, 0, 0]"
121,"[0, 1, 1, 1, 0, 1, 1]"
122,"[1, 0, 1, 1, 0, 0, 1]"
123,"[0, 0, 0, 1, 0, 1, 0]"
124,"[1, 1, 0, 0, 0, 0, 0]"
125,"[0, 0, 1, 0, 0, 0, 1]"
126,"[1, 0, 0, 0, 1, 0, 1]"
127,"[0, 1, 0, 1, 1, 0, 1]"
128,"[1, 1, 1, 0, 1, 1, 0]"
129,"[1, 0, 1, 0, 1, 0, 0]"
130,"[0, 1, 0, 1, 0, 1, 0]"
131,"[1, 0, 0, 1, 0, 1, 0]"
132,"[0, 0, 0, 1, 1, 0, 0]"
133,"[1, 1, 0, 1, 1, 1, 1]"
134,"[0, 1, 0, 1, 1, 1, 0]"
135,"[1, 1, 1, 0, 1, 0, 0]"
136,"[1, 1, 1, 0, 1, 0, 0]"
137,"[1, 0, 0, 1, 0, 1, 0]"
138,"[1, 1, 0, 1, 0, 1, 1]"
139,"[0, 0, 1, 0, 1, 0, 1]"
140,"[0, 1, 1, 1, 1, 0, 0]"
141,"[1, 0, 0, 1, 0, 0, 1]"
142,"[1, 0, 1, 0, 0, 1, 0]"
143,"[1, 0, 0, 0, 0, 1, 0]"
144,"[1, 1, 1, 1, 0, 0, 0]"
145,"[1, 0, 1, 0, 0, 0, 0]"
146,"[1, 1, 0, 0, 0, 0, 0]"
147,"[0, 1, 1, 0, 0, 1, 1]"
148,"[1, 1, 1, 0, 1, 1, 1]"
149,"[1, 1, 1, 0, 1, 1, 0]"
150,"[1, 1, 0, 1, 0, 1, 1]"
151,"[0, 1, 0, 1, 1, 1, 0]"
152,"[1, 1, 0, 1, 1, 0, 0]"
153,"[0, 1, 1, 1, 1, 1, 1]"
154,"[1, 0, 1, 0, 1, 0, 0]"
155,"[1, 0, 1, 1, 1, 1, 1]"
156,"[0, 1, 1, 0, 0, 1, 0]"
157,"[1, 0, 0, 1, 1, 1, 1]"
158,"[1, 0, 1, 0, 0, 0, 0]"
159,"[1, 0, 0, 1, 1, 1, 1]"
160,"[1, 0, 0, 1, 1, 0, 0]"
161,"[0, 0, 1, 1, 1, 0, 1]"
162,"[1, 0, 1, 1, 1, 1, 1]"
163,"[0, 0, 0, 0, 0, 1, 0]"
164,"[1, 0, 0, 1, 1, 1, 1]"
165,"[1, 1, 1, 1, 1, 1, 1]"
166,"[1, 1, 1, 0, 1, 1, 1]"
167,"[0, 0, 1, 1, 1, 0, 0]"
168,"[1, 0, 1, 0, 0, 1, 0]"
169,"[1, 0, 0, 0, 0, 0, 0]"
170,"[1, 1, 0, 1, 1, 0, 0]"
171,"[0, 0, 0, 1, 1, 0, 0]"
172,"[1, 0, 0, 0, 1, 1, 0]"
173,"[0, 1, 1, 0, 0, 0, 0]"
174,"[1, 0, 0, 1, 0, 0, 1]"
175,"[1, 0, 1, 0, 1, 1, 0]"
176,"[0, 1, 1, 0, 0, 1, 1]"
177,"[0, 1, 1, 0, 1, 1, 1]"
178,"[0, 1, 1, 0, 0, 0, 0]"
179,"[1, 1, 0, 0, 1, 1, 1]"
180,"[0, 1, 1, 1, 0, 0, 0]"
181,"[0, 1, 0, 0, 0, 0, 1]"
182,"[0, 1, 0, 1, 0, 1, 1]"
183,"[1, 1, 0, 1, 1, 0, 1]"
184,"[0, 0, 1, 1, 1, 1, 0]"
185,"[1, 0, 0, 0, 0, 1, 1]"
186,"[1, 0, 1, 1, 1, 1, 1]"
187,"[1, 0, 0, 1, 1, 1, 1]"
188,"[1, 0, 1, 0, 1, 1, 1]"
189,"[1, 0, 0, 1, 0, 0, 1]"
190,"[1, 0, 1, 1, 1, 1, 1]"
191,"[1, 0, 1, 0, 0, 0, 1]"
192,"[1, 0, 1, 0, 0, 1, 0]"
193,"[0, 0, 0, 1, 0, 1, 0]"
194,"[1, 0, 0, 0, 0, 1, 1]"
195,"[1, 0, 1, 0, 1, 1, 0]"
196,"[0, 0, 1, 0, 0, 0, 1]"
197,"[0, 0, 0, 0, 1, 1, 1]"
198,"[1, 0, 1, 0, 1, 1, 0]"
199,"[0, 0, 0, 1, 1, 1, 1]"
200,"[0, 1, 0, 0, 0, 0, 1]"
201,"[0, 1, 0, 1, 1, 1, 0]"
202,"[0, 0, 0, 0, 0, 1, 0]"
203,"[0, 0, 1, 1, 0, 0, 0]"
204,"[0, 1, 0, 1, 0, 1, 1]"
205,"[0, 1, 1, 0, 0, 1, 0]"
206,"[0, 0, 1, 1, 1, 1, 1]"
207,"[1, 0, 0, 1, 1, 0, 0]"
208,"[0, 1, 0, 1, 0, 1, 0]"
209,"[1, 1, 0, 1, 1, 0, 0]"
210,"[0, 1, 0, 1, 1, 0, 1]"
211,"[0, 0, 1, 1, 1, 1, 1]"
212,"[1, 1, 0, 0, 1, 1, 0]"
213,"[0, 1, 0, 0, 0, 0, 0]"
214,"[1, 1, 0, 1, 1, 1, 0]"
215,"[1, 1, 0, 1, 0, 1, 0]"
216,"[0, 1, 1, 0, 1, 0, 1]"
217,"[1, 1, 0, 1, 1, 1, 0]"
218,"[1, 0, 0, 1, 1, 0, 1]"
219,"[1, 0, 1, 1, 1, 0, 1]"
220,"[1, 0, 0, 1, 1, 0, 1]"
221,"[1, 0, 0, 1, 0, 1, 0]"
222,"[0, 0, 0, 0, 0, 0, 1]"
223,"[0, 0, 0, 1, 0, 1, 1]"
224,"[1, 1, 0, 1, 0, 0, 1]"
225,"[1, 0, 0, 1, 0, 1, 1]"
226,"[0, 1, 0, 0, 0, 0, 1]"
227,"[0, 0, 1, 1, 1, 0, 1]"
228,"[0, 1, 1, 1, 1, 0, 0]"
229,"[0, 0, 1, 0, 0, 0, 1]"
230,"[0, 0, 0, 0, 1, 1, 1]"
231,"[0, 1, 0, 0, 0, 1, 1]"
232,"[1, 0, 0, 0, 1, 1, 0]"
233,"[1, 1, 1, 0, 1, 0, 0]"
234,"[1, 0, 1, 1, 1, 1, 1]"
235,"[1, 1, 0, 1, 1, 1, 1]"
236,"[1, 0, 0, 0, 0, 1, 0]"
237,"[0, 0, 0, 0, 0, 0, 1]"
238,"[1, 1, 0, 0, 0, 1, 0]"
239,"[1, 1, 0, 0, 1, 0, 1]"
240,"[0, 0, 1, 0, 0, 1, 0]"
241,"[0, 0, 1, 0, 1, 1, 0]"
242,"[0, 0, 0, 0, 0, 1, 1]"
243,"[0, 0, 1, 1, 0, 0, 1]"
244,"[1, 0, 0, 0, 1, 1, 1]"
245,"[1, 0, 0, 1, 1, 0, 1]"
246,"[0, 1, 0, 0, 1, 0, 1]"
247,"[0, 0, 0, 1, 1, 0, 1]"
248,"[1, 0, 0, 1, 1, 0, 1]"
249,"[0, 1, 0, 1, 0, 1, 1]"
250,"[1, 1, 1, 1, 1, 0, 1]"
251,"[1, 0, 0, 0, 1, 0, 0]"
252,"[0, 1, 0, 1, 0, 1, 1]"
253,"[0, 0, 0, 1, 1, 1, 0]"
254,"[1, 1, 0, 1, 1, 1, 1]"
255,"[0, 1, 0, 1, 0, 0, 0]"
256,"[1, 1, 0, 0, 1, 1, 0]"
257,"[0, 0, 1, 0, 0, 1, 1]"
258,"[0, 0, 1, 1, 0, 1, 1]"
259,"[0, 1, 0, 0, 0, 1, 1]"
260,"[0, 1, 1, 1, 0, 1, 1]"
261,"[0, 1, 0, 0, 1, 0, 1]"
262,"[1, 0, 1, 1, 1, 0, 1]"
263,"[0, 0, 0, 0, 0, 0, 1]"
264,"[1, 1, 1, 1, 0, 0, 1]"
265,"[0, 0, 0, 1, 0, 1, 0]"
266,"[1, 0, 1, 1, 1, 0, 1]"
267,"[0, 1, 1, 0, 0, 1, 0]"
268,"[1, 1, 1, 0, 0, 1, 1]"
269,"[1, 1, 1, 1, 0, 1, 0]"
270,"[0, 1, 0, 1, 0, 1, 1]"
271,"[0, 1, 1, 1, 1, 0, 0]"
272,"[0, 0, 0, 1, 1, 0, 0]"
273,"[1, 1, 1, 0, 0, 1, 1]"
274,"[0, 0, 0, 0, 0, 0, 1]"
275,"[0, 0, 0, 0, 0, 1, 1]"
276,"[0, 1, 1, 0, 1, 0, 0]"
277,"[0, 0, 1, 0, 1, 0, 1]"
278,"[0, 0, 0, 0, 0, 0, 1]"
279,"[0, 1, 0, 0, 1, 1, 0]"
280,"[0, 0, 1, 1, 1, 0, 0]"
281,"[0, 1, 1, 1, 0, 1, 0]"
282,"[1, 1, 0, 0, 1, 1, 1]"
283,"[1, 1, 0, 1, 1, 0, 0]"
284,"[1, 0, 0, 1, 1, 0, 0]"
285,"[1, 1, 0, 1, 1, 0, 1]"
286,"[0, 0, 0, 1, 0, 0, 1]"
287,"[0, 0, 0, 1, 1, 1, 0]"
288,"[1, 1, 0, 0, 1, 0, 0]"
289,"[1, 1, 1, 0, 0, 1, 1]"
290,"[0, 1, 1, 0, 1, 0, 1]"
291,"[1, 0, 1, 0, 0, 0, 0]"
292,"[0, 0, 0, 0, 0, 1, 0]"
293,"[1, 1, 1, 1, 0, 0, 0]"
294,"[1, 0, 0, 0, 0, 0, 1]"
295,"[1, 1, 0, 1, 1, 0, 1]"
296,"[0, 0, 0, 1, 0, 0, 1]"
297,"[0, 1, 1, 0, 1, 1, 1]"
298,"[0, 0, 1, 0, 1, 0, 1]"
299,"[0, 1, 1, 1, 0, 1, 1]"
300,"[1, 0, 1, 1, 1, 1, 0]"
301,"[1, 0, 1, 1, 0, 1, 1]"
302,"[1, 0, 1, 1, 0, 1, 1]"
303,"[1, 1, 0, 1, 0, 1, 0]"
304,"[1, 0, 0, 1, 0, 1, 0]"
305,"[0, 0, 0, 1, 0, 0, 1]"
306,"[1, 1, 1, 0, 1, 1, 1]"
307,"[0, 0, 0, 0, 1, 1, 1]"
308,"[1, 0, 1, 0, 1, 0, 1]"
309,"[0, 0, 0, 1, 1, 0, 1]"
310,"[0, 1, 0, 1, 1, 1, 0]"
311,"[1, 1, 0, 1, 0, 1, 1]"
312,"[1, 0, 1, 1, 0, 1, 1]"
313,"[1, 1, 0, 1, 1, 0, 0]"
314,"[1, 0, 1, 0, 1, 0, 1]"
315,"[1, 1, 0, 1, 1, 1, 0]"
316,"[0, 1, 1, 0, 0, 0, 1]"
317,"[1, 0, 1, 0, 0, 1, 1]"
318,"[1, 0, 0, 1, 0, 1, 1]"
319,"[1, 0, 1, 1, 0, 0, 0]"
320,"[0, 0, 1, 0, 0, 1, 0]"
321,"[1, 1, 0, 1, 0, 0, 0]"
322,"[1, 1, 1, 1, 1, 0, 0]"
323,"[0, 1, 1, 1, 1, 1, 0]"
324,"[1, 1, 1, 1, 0, 1, 0]"
325,"[0, 1, 1, 0, 0, 0, 0]"
326,"[0, 1, 1, 1, 0, 1, 1]"
327,"[1, 1, 0, 1, 1, 0, 0]"
328,"[1, 1, 1, 0, 0, 1, 1]"
329,"[0, 0, 1, 0, 0, 1, 0]"
330,"[0, 0, 0, 0, 1, 1, 1]"
331,"[0, 0, 1, 1, 1, 0, 0]"
332,"[0, 1, 0, 0, 0, 0, 0]"
333,"[1, 0, 1, 0, 1, 0, 1]"
334,"[0, 0, 1, 1, 0, 0, 0]"
335,"[0, 0, 1, 1, 0, 0, 1]"
336,"[0, 0, 0, 1, 1, 0, 0]"
337,"[0, 0, 1, 1, 0, 1, 0]"
338,"[1, 0, 0, 0, 0, 1, 1]"
339,"[1, 0, 1, 0, 0, 0, 0]"
340,"[0, 1, 0, 0, 1, 0, 0]"
341,"[0, 1, 0, 1, 1, 0, 0]"
342,"[1, 0, 0, 0, 1, 0, 0]"
343,"[0, 0, 0, 0, 0, 1, 0]"
344,"[1, 0, 1, 1, 0, 0, 0]"
345,"[1, 0, 1, 1, 0, 0, 1]"
346,"[0, 0, 1, 0, 1, 1, 1]"
347,"[1, 1, 0, 0, 0, 1, 1]"
348,"[0, 0, 1, 0, 0, 1, 1]"
349,"[1, 1, 1, 0, 1, 0, 1]"
350,"[1, 0, 0, 0, 1, 0, 1]"
351,"[1, 0, 0, 0, 0, 1, 1]"
352,"[1, 0, 0, 1, 1, 1, 0]"
353,"[0, 1, 1, 1, 1, 0, 1]"
354,"[0, 1, 0, 1, 1, 0, 1]"
355,"[0, 0, 0, 1, 1, 0, 1]"
356,"[1, 0, 1, 0, 0, 0, 0]"
357,"[0, 0, 1, 0, 0, 0, 0]"
358,"[1, 0, 1, 1, 0, 0, 0]"
359,"[1, 0, 0, 0, 1, 1, 1]"
360,"[0, 0, 0, 0, 1, 0, 0]"
361,"[0, 0, 1, 0, 0, 0, 0]"
362,"[0, 0, 0, 0, 1, 0, 0]"
363,"[1, 1, 0, 0, 1, 1, 0]"
364,"[0, 0, 0, 0, 1, 0, 1]"
365,"[1, 0, 0, 1, 1, 1, 1]"
366,"[0, 0, 1, 0, 1, 0, 0]"
367,"[1, 0, 0, 0, 0, 1, 1]"
368,"[0, 1, 1, 0, 1, 1, 0]"
369,"[0, 1, 1, 1, 1, 0, 1]"
370,"[1, 1, 1, 1, 1, 0, 0]"
371,"[1, 0, 1, 1, 0, 0, 0]"
372,"[1, 0, 1, 0, 1, 0, 0]"
373,"[1, 1, 0, 1, 1, 1, 1]"
374,"[1, 1, 1, 1, 1, 0, 0]"
375,"[0, 1, 1, 1, 1, 1, 0]"
376,"[0, 1, 0, 0, 0, 1, 1]"
377,"[0, 1, 1, 0, 0, 0, 0]"
378,"[1, 1, 1, 1, 0, 0]"
379,"[0, 0, 0, 1, 0, 1]"
380,"[0, 1, 1, 0, 1, 0]"
381,"[0, 0, 1, 0, 0, 1]"
382,"[0, 0, 1, 0, 0, 1]"
383,"[1, 1, 1, 0, 0, 1]"
384,"[1, 1, 1, 1, 1, 0]"
385,"[0, 1, 0, 1, 0, 0]"
386,"[0, 1, 1, 1, 0, 0]"
387,"[0, 0, 1, 1, 0, 1]"
388,"[1, 1, 0, 0, 0, 1]"
389,"[0, 0, 1, 0, 0, 0]"
390,"[0, 0, 1, 1, 0, 1]"
391,"[0, 0, 1, 0, 1, 1]"
392,"[1, 0, 1, 1, 0, 1]"
393,"[1, 1, 1, 0, 0, 0]"
394,"[0, 1, 0, 0, 0, 0]"
395,"[1, 1, 0, 0, 0, 0]"
396,"[0, 0, 0, 1, 0, 1]"
397,"[0, 1, 0, 0, 1, 1]"
398,"[1, 1, 0, 0, 0, 1]"
399,"[1, 0, 0, 0, 1, 1]"
400,"[0, 1, 0, 0, 0, 1]"
401,"[0, 1, 1, 1, 1, 1]"
402,"[0, 1, 0, 1, 0, 0]"
403,"[1, 0, 0, 1, 1, 1]"
404,"[0, 1, 0, 1, 0, 1]"
405,"[1, 0, 1, 0, 0, 1]"
406,"[1, 0, 0, 1, 0, 1]"
407,"[1, 0, 1, 1, 0, 0]"
408,"[1, 0, 0, 0, 1, 1]"
409,"[0, 1, 1, 0, 0, 0]"
410,"[0, 0, 1, 0, 1, 0]"
411,"[0, 0, 1, 1, 1, 1]"
412,"[0, 1, 0, 1, 0, 1]"
413,"[0, 1, 0, 1, 1, 1]"
414,"[0, 1, 0, 1, 1, 0]"
415,"[1, 1, 0, 1, 1, 1]"
416,"[1, 1, 1, 0, 1, 1]"
417,"[1, 0, 0, 0, 0, 0]"
418,"[0, 1, 0, 0, 0, 0]"
419,"[0, 0, 1, 0, 0, 1]"
420,"[0, 0, 0, 0, 0, 1]"
421,"[0, 0, 0, 1, 1, 0]"
422,"[1, 1, 0, 0, 0, 0]"
423,"[0, 1, 0, 1, 1, 1]"
424,"[0, 1, 1, 1, 0, 1]"
425,"[1, 1, 1, 1, 0, 1]"
426,"[0, 0, 1, 1, 1, 1]"
427,"[0, 1, 1, 1, 0, 1]"
428,"[0, 1, 0, 0, 0, 1]"
429,"[1, 0, 0, 1, 1, 1]"
430,"[1, 1, 1, 1, 0, 1]"
431,"[1, 0, 1, 1, 0, 0]"
432,"[1, 0, 0, 0, 1, 0]"
433,"[1, 1, 1, 0, 0, 0]"
434,"[1, 1, 1, 1, 0, 1]"
435,"[1, 0, 0, 0, 1, 1]"
436,"[1, 0, 1, 0, 0, 0]"
437,"[1, 0, 1, 0, 0, 1]"
438,"[1, 1, 0, 0, 0, 1]"
439,"[1, 1, 1, 1, 1, 0]"
440,"[0, 0, 1, 1, 1, 0]"
441,"[1, 1, 1, 1, 1, 0]"
442,"[0, 0, 0, 0, 1, 0]"
443,"[0, 0, 1, 1, 1, 1]"
444,"[0, 1, 0, 1, 0, 0]"
445,"[1, 0, 1, 1, 0, 0]"
446,"[0, 0, 0, 0, 0, 0]"
447,"[0, 0, 0, 0, 1, 1]"
448,"[1, 1, 1, 1, 1, 0]"
449,"[1, 0, 0, 1, 1, 0]"
450,"[0, 0, 1, 1, 1, 1]"
451,"[0, 1, 0, 0, 0, 1]"
452,"[0, 1, 1, 0, 1, 0]"
453,"[1, 0, 1, 0, 0, 0]"
454,"[0, 1, 0, 1, 1, 1]"
455,"[1, 0, 0, 1, 0, 1]"
456,"[1, 0, 0, 1, 0, 1]"
457,"[1, 1, 0, 1, 1, 0]"
458,"[0, 0, 0, 1, 0, 1]"
459,"[0, 0, 1, 1, 0, 1]"
460,"[0, 0, 0, 0, 0, 1]"
461,"[1, 0, 0, 0, 1, 0]"
462,"[0, 1, 1, 0, 1, 0]"
463,"[0, 0, 0, 1, 0, 0]"
464,"[0, 1, 1, 1, 0, 1]"
465,"[0, 0, 0, 0, 1, 0]"
466,"[0, 1, 0, 1, 0, 1]"
467,"[0, 0, 0, 0, 0, 0]"
468,"[1, 0, 0, 0, 1, 1]"
469,"[0, 0, 0, 1, 0, 0]"
470,"[1, 1, 0, 0, 0, 0]"
471,"[1, 1, 0, 0, 1, 1]"
472,"[0, 0, 0, 1, 0, 1]"
473,"[0, 1, 0, 1, 0, 1]"
474,"[1, 0, 1, 0, 0, 1]"
475,"[1, 1, 0, 0, 1, 1]"
476,"[1, 1, 1, 0, 0, 0]"
477,"[0, 1, 1, 0, 0, 0]"
478,"[0, 0, 0, 0, 0, 1]"
479,"[0, 1, 0, 0, 1, 1]"
480,"[0, 1, 0, 1, 1, 0]"
481,"[0, 0, 0, 0, 1, 0]"
482,"[0, 0, 1, 1, 0, 1]"
483,"[0, 0, 1, 0, 0, 1]"
484,"[1, 1, 1, 1, 0, 1]"
485,"[0, 1, 1, 0, 0, 0]"
486,"[1, 1, 1, 1, 0, 1]"
487,"[0, 0, 0, 0, 1, 1]"
488,"[1, 1, 0, 0, 0, 0]"
489,"[0, 0, 0, 1, 1, 0]"
490,"[1, 1, 1, 1, 1, 0]"
491,"[1, 0, 0, 0, 0, 0]"
492,"[1, 0, 1, 1, 0, 1]"
493,"[0, 0, 0, 1, 0, 1]"
494,"[1, 1, 0, 0, 1, 0]"
495,"[1, 1, 0, 0, 0, 0]"
496,"[0, 0, 0, 1, 0, 0]"
497,"[1, 0, 0, 0, 1, 1]"
498,"[1, 1, 1, 0, 1, 1]"
499,"[0, 1, 1, 1, 0, 0]"
500,"[0, 0, 0, 1, 1, 0]"
501,"[1, 0, 1, 0, 1, 1]"
502,"[1, 0, 0, 1, 1, 1]"
503,"[0, 0, 1, 1, 1, 0]"
504,"[1, 0, 0, 0, 0, 0]"
505,"[0, 0, 1, 0, 1, 1]"
506,"[1, 1, 0, 0, 0, 0]"
507,"[1, 1, 0, 0, 0, 1]"
508,"[0, 0, 0, 1, 1, 0]"
509,"[1, 1, 1, 0, 1, 1]"
510,"[1, 1, 1, 0, 1, 1]"
511,"[0, 1, 0, 0, 0, 0]"
512,"[0, 1, 0, 1, 0, 1]"
513,"[0, 1, 0, 1, 0, 0]"
514,"[0, 0, 1, 0, 1, 1]"
515,"[0, 1, 1, 1, 0, 1]"
516,"[1, 1, 0, 0, 0, 1]"
517,"[0, 1, 0, 0, 0, 1]"
518,"[1, 0, 0, 1, 0, 1]"
519,"[1, 0, 0, 0, 1, 1]"
520,"[0, 1, 1, 1, 1, 0]"
521,"[0, 0, 1, 1, 1, 1]"
522,"[0, 1, 0, 1, 1, 0]"
523,"[1, 1, 0, 0, 0, 0]"
524,"[0, 1, 0, 1, 1, 0]"
525,"[0, 1, 0, 1, 0, 1]"
526,"[0, 1, 0, 1, 1, 1]"
527,"[0, 0, 0, 0, 1, 0]"
528,"[0, 0, 0, 0, 0, 1]"
529,"[0, 1, 1, 1, 1, 0]"
530,"[1, 1, 0, 1, 1, 1]"
531,"[1, 0, 0, 1, 1, 1]"
532,"[0, 1, 0, 1, 1, 0]"
533,"[1, 0, 1, 1, 1, 0]"
534,"[1, 0, 0, 1, 0, 0]"
535,"[0, 1, 0, 1, 0, 0]"
536,"[1, 1, 1, 0, 1, 1]"
537,"[0, 0, 0, 0, 0, 0]"
538,"[0, 0, 1, 1, 1, 1]"
539,"[0, 0, 1, 0, 0, 1]"
540,"[0, 0, 1, 1, 1, 1]"
541,"[0, 1, 0, 1, 1, 0]"
542,"[0, 1, 1, 1, 1, 1]"
543,"[1, 0, 0, 1, 1, 1]"
544,"[0, 0, 1, 0, 0, 0]"
545,"[1, 0, 0, 0, 1, 0]"
546,"[0, 1, 0, 1, 1, 0]"
547,"[0, 1, 0, 1, 0, 0]"
548,"[0, 1, 0, 1, 0, 1]"
549,"[0, 0, 0, 1, 0, 0]"
550,"[1, 0, 0, 1, 0, 0]"
551,"[1, 1, 0, 0, 1, 1]"
552,"[1, 1, 1, 0, 1, 1]"
553,"[1, 0, 1, 0, 1, 1]"
554,"[0, 1, 0, 1, 0, 0]"
555,"[0, 0, 1, 0, 1, 1]"
556,"[0, 1, 0, 1, 0, 0]"
557,"[1, 1, 1, 0, 1, 0]"
558,"[0, 1, 1, 0, 1, 0]"
559,"[0, 1, 0, 0, 0, 1]"
560,"[0, 0, 1, 0, 1, 1]"
561,"[0, 0, 0, 1, 1, 0]"
562,"[1, 1, 0, 0, 0, 0]"
563,"[1, 0, 1, 1, 0, 0]"
564,"[1, 0, 1, 1, 1, 0]"
565,"[0, 0, 1, 0, 1, 0]"
566,"[0, 0, 0, 0, 0, 1]"
567,"[0, 1, 0, 0, 0, 0]"
568,"[1, 1, 1, 1, 0, 1]"
569,"[1, 0, 1, 0, 0, 1]"
570,"[1, 1, 1, 1, 1, 0]"
571,"[1, 0, 1, 0, 1, 1]"
572,"[1, 1, 0, 0, 1, 0]"
573,"[1, 1, 1, 0, 0, 0]"
574,"[0, 0, 1, 0, 1, 0]"
575,"[1, 0, 0, 1, 1, 1]"
576,"[0, 0, 1, 1, 0, 1]"
577,"[0, 0, 1, 0, 1, 0]"
578,"[1, 1, 1, 0, 1, 0]"
579,"[0, 1, 1, 1, 0, 0]"
580,"[1, 0, 1, 1, 0, 0]"
581,"[1, 1, 1, 0, 0, 0]"
582,"[1, 0, 0, 1, 0, 0]"
583,"[0, 1, 1, 0, 0, 0]"
584,"[0, 0, 0, 1, 0, 1]"
585,"[0, 0, 1, 0, 1, 1]"
586,"[1, 1, 0, 0, 0, 1]"
587,"[0, 0, 1, 0, 0, 1]"
588,"[0, 1, 0, 1, 0, 0]"
589,"[0, 1, 0, 0, 0, 0]"
590,"[0, 0, 1, 0, 1, 1]"
591,"[1, 0, 0, 1, 0, 1]"
592,"[0, 1, 1, 0, 1, 1]"
593,"[1, 0, 1, 1, 1, 1]"
594,"[0, 0, 0, 0, 0, 1]"
595,"[1, 0, 1, 1, 1, 1]"
596,"[1, 0, 1, 0, 1, 1]"
597,"[1, 0, 0, 0, 0, 0]"
598,"[1, 0, 1, 1, 1, 0]"
599,"[0, 0, 1, 0, 1, 0]"
600,"[0, 1, 0, 1, 1, 1]"
601,"[1, 1, 1, 0, 0, 1]"
602,"[0, 1, 1, 1, 1, 1]"
603,"[1, 0, 1, 0, 0, 1]"
604,"[1, 1, 0, 0, 0, 0]"
605,"[1, 1, 0, 0, 1, 1]"
606,"[0, 0, 0, 0, 1, 1]"
607,"[0, 1, 0, 1, 0, 1]"
608,"[1, 1, 1, 0, 0, 1]"
609,"[1, 1, 0, 0, 1, 1]"
610,"[0, 1, 0, 1, 0, 0]"
611,"[1, 1, 0, 0, 1, 1]"
612,"[0, 1, 0, 1, 1, 1]"
613,"[0, 1, 1, 0, 0, 0]"
614,"[1, 0, 0, 0, 1, 0]"
615,"[0, 1, 0, 1, 1, 1]"
616,"[0, 0, 1, 0, 0, 0]"
617,"[1, 0, 1, 0, 0, 0]"
618,"[0, 0, 1, 1, 1, 1]"
619,"[1, 0, 1, 0, 1, 1]"
620,"[0, 1, 0, 1, 0, 0]"
621,"[1, 1, 0, 0, 0, 0]"
622,"[1, 0, 1, 1, 0, 0]"
623,"[1, 1, 0, 0, 1, 0]"
624,"[1, 0, 0, 1, 1, 0]"
625,"[0, 0, 1, 0, 1, 1]"
626,"[0, 1, 1, 0, 0, 0]"
627,"[0, 0, 0, 0, 0, 0]"
628,"[0, 1, 1, 1, 1, 0]"
629,"[0, 1, 1, 1, 1, 1]"
630,"[1, 1, 1, 0, 0, 0]"
631,"[1, 0, 0, 1, 0, 1]"
632,"[1, 0, 1, 0, 0, 0]"
633,"[1, 0, 1, 0, 1, 1]"
634,"[0, 1, 1, 1, 0, 0]"
635,"[0, 0, 1, 0, 1, 1]"
636,"[0, 1, 0, 1, 0, 0]"
637,"[1, 1, 0, 1, 0, 1]"
638,"[0, 0, 1, 0, 0, 1]"
639,"[0, 1, 0, 1, 0, 0, 0]"
640,"[1, 1, 0, 1, 1, 1, 0]"
641,"[0, 1, 1, 1, 0, 0, 1]"
642,"[0, 1, 1, 0, 0, 0, 0]"
643,"[1, 0, 0, 1, 0, 0, 0]"
644,"[1, 0, 0, 0, 1, 0, 0]"
645,"[0, 1, 1, 1, 0, 0, 1]"
646,"[1, 1, 1, 0, 1, 1, 1]"
647,"[1, 0, 1, 1, 1, 0, 1]"
648,"[0, 0, 1, 1, 0, 0, 1]"
649,"[1, 1, 0, 0, 0, 0]"
650,"[1, 0, 1, 1, 1, 0]"
651,"[0, 0, 1, 0, 0, 0]"
652,"[1, 1, 0, 0, 0, 0]"
653,"[1, 0, 1, 0, 0, 0]"
654,"[0, 0, 0, 1, 1, 0]"
655,"[0, 0, 1, 0, 0, 0]"
656,"[0, 1, 0, 1, 1, 1]"
657,"[0, 1, 1, 1, 0, 0]"
658,"[0, 0, 0, 0, 1, 0]"
659,"[0, 0, 0, 1, 1, 0]"
660,"[1, 0, 1, 0, 1, 1]"
661,"[1, 0, 0, 1, 0, 0]"
662,"[1, 0, 1, 1, 0, 1]"
663,"[0, 0, 1, 1, 1, 0]"
664,"[1, 1, 1, 0, 1, 1]"
665,"[0, 0, 1, 1, 1, 0]"
666,"[0, 1, 1, 1, 0, 1]"
667,"[0, 1, 0, 0, 0, 0]"
668,"[0, 1, 1, 0, 1, 0]"
669,"[0, 1, 1, 1, 0, 1]"
670,"[0, 0, 0, 0, 1, 0]"
671,"[0, 0, 0, 0, 1, 1]"
672,"[0, 0, 1, 0, 1, 1]"
673,"[1, 0, 1, 1, 0, 0]"
674,"[1, 1, 0, 1, 1, 1]"
675,"[0, 0, 1, 0, 0, 0]"
676,"[1, 1, 0, 1, 1, 0]"
677,"[0, 1, 0, 0, 0, 1]"
678,"[0, 0, 0, 0, 0, 0]"
679,"[1, 0, 1, 0, 0, 0]"
680,"[0, 1, 0, 1, 1, 1]"
681,"[1, 1, 0, 0, 1, 1]"
682,"[1, 1, 0, 0, 0, 1]"
683,"[0, 1, 0, 0, 1, 1]"
684,"[0, 0, 0, 1, 0, 1]"
685,"[1, 0, 1, 1, 0, 0]"
686,"[1, 1, 0, 0, 0, 1]"
687,"[0, 1, 0, 0, 1, 1]"
688,"[0, 1, 0, 0, 0, 1]"
689,"[0, 1, 1, 1, 1, 1]"
690,"[0, 0, 0, 0, 1, 0]"
691,"[1, 0, 1, 1, 1, 0]"
692,"[1, 0, 0, 0, 0, 0]"
693,"[0, 1, 0, 0, 0, 0]"
694,"[0, 1, 0, 1, 1, 0]"
695,"[0, 0, 0, 1, 0, 0]"
696,"[1, 1, 0, 1, 1, 1]"
697,"[0, 0, 1, 0, 1, 1]"
698,"[1, 0, 1, 1, 1, 1]"
699,"[0, 1, 1, 0, 0, 0]"
700,"[0, 0, 1, 0, 1, 0]"
701,"[0, 0, 0, 0, 0, 1]"
702,"[1, 0, 1, 0, 0, 1]"
703,"[0, 0, 0, 1, 1, 0]"
704,"[0, 1, 1, 1, 0, 1]"
705,"[0, 1, 0, 0, 0, 0]"
706,"[0, 0, 1, 0, 0, 1]"
707,"[0, 0, 0, 0, 0, 1]"
708,"[1, 0, 1, 1, 1, 0]"
709,"[1, 0, 0, 1, 0, 1]"
710,"[0, 1, 0, 1, 0, 1]"
711,"[0, 1, 1, 1, 1, 0]"
712,"[1, 1, 1, 0, 1, 0]"
713,"[0, 1, 1, 1, 1, 0]"
714,"[1, 1, 1, 1, 0, 1]"
715,"[1, 1, 0, 0, 0, 1]"
716,"[1, 0, 0, 1, 1, 0]"
717,"[1, 1, 0, 1, 0, 1]"
718,"[1, 1, 0, 0, 0, 0]"
719,"[1, 1, 0, 1, 1, 0]"
720,"[1, 1, 0, 0, 0, 0]"
721,"[1, 0, 0, 1, 1, 0]"
722,"[0, 1, 0, 0, 1, 1]"
723,"[1, 1, 0, 0, 0, 1]"
724,"[1, 1, 1, 0, 1, 0]"
725,"[0, 0, 0, 0, 1, 0]"
726,"[1, 0, 0, 1, 0, 1]"
727,"[1, 1, 0, 0, 1, 0]"
728,"[0, 0, 1, 1, 0, 1]"
729,"[1, 1, 0, 0, 0, 1]"
730,"[1, 1, 0, 0, 1, 1]"
731,"[0, 1, 1, 1, 0, 0]"
732,"[1, 1, 1, 0, 0, 1]"
733,"[0, 0, 1, 0, 1, 0]"
734,"[0, 0, 0, 1, 0, 1]"
735,"[1, 1, 0, 0, 0, 1]"
736,"[1, 0, 0, 1, 0, 0]"
737,"[0, 1, 0, 0, 0, 0]"
738,"[1, 0, 0, 0, 1, 1]"
739,"[1, 1, 1, 1, 0, 0]"
740,"[1, 1, 0, 1, 1, 1]"
741,"[0, 0, 1, 1, 1, 0]"
742,"[1, 0, 1, 0, 1, 1]"
743,"[0, 1, 0, 1, 0, 1]"
744,"[1, 0, 0, 0, 1, 0]"
745,"[0, 1, 0, 1, 0, 1]"
746,"[1, 1, 0, 1, 1, 1]"
747,"[1, 0, 1, 0, 1, 1]"
748,"[0, 0, 1, 1, 0, 1]"
749,"[0, 1, 1, 1, 1, 0]"
750,"[0, 0, 1, 0, 1, 0]"
751,"[1, 1, 1, 1, 0, 1]"
752,"[1, 1, 0, 0, 1, 0]"
753,"[0, 1, 1, 1, 0, 1]"
754,"[0, 1, 0, 0, 0, 0]"
755,"[1, 1, 0, 1, 0, 1]"
756,"[0, 1, 0, 0, 1, 1]"
757,"[1, 0, 1, 1, 0, 1]"
758,"[0, 0, 0, 1, 0, 1]"
759,"[0, 1, 0, 0, 0, 1]"
760,"[1, 0, 1, 0, 0, 0]"
761,"[1, 0, 1, 0, 1, 1]"
762,"[0, 1, 1, 1, 1, 1]"
763,"[0, 0, 1, 0, 0, 1]"
764,"[0, 0, 1, 1, 1, 0]"
765,"[1, 0, 0, 0, 1, 1]"
766,"[0, 0, 0, 1, 0, 1]"
767,"[0, 1, 1, 1, 1, 0]"
768,"[0, 0, 1, 1, 1, 1]"
769,"[0, 0, 0, 0, 0, 1]"
770,"[1, 1, 1, 0, 1, 0]"
771,"[1, 0, 0, 0, 1, 0]"
772,"[0, 0, 0, 1, 0, 1]"
773,"[0, 0, 0, 1, 1, 0]"
774,"[1, 1, 1, 0, 0, 0]"
775,"[1, 0, 0, 1, 0, 0]"
776,"[1, 0, 0, 1, 0, 0]"
777,"[1, 1, 0, 0, 1, 1]"
778,"[1, 1, 0, 1, 0, 1]"
779,"[0, 1, 0, 1, 1, 0]"
780,"[1, 1, 0, 0, 1, 1]"
781,"[0, 1, 1, 1, 1, 0]"
782,"[0, 0, 0, 0, 1, 1]"
783,"[0, 0, 0, 1, 0, 1]"
784,"[0, 1, 1, 1, 0, 0]"
785,"[0, 0, 1, 0, 0, 1]"
786,"[0, 0, 1, 1, 1, 1]"
787,"[0, 0, 0, 0, 0, 0]"
788,"[0, 0, 1, 1, 0, 1]"
789,"[1, 1, 0, 0, 1, 0]"
790,"[0, 0, 0, 0, 0, 0]"
791,"[0, 0, 0, 1, 0, 1]"
792,"[1, 1, 0, 0, 1, 0]"
793,"[0, 1, 0, 1, 0, 0]"
794,"[0, 0, 0, 1, 0, 1]"
795,"[1, 0, 1, 0, 0, 0]"
796,"[1, 0, 0, 1, 0, 0]"
797,"[0, 0, 1, 0, 1, 1]"
798,"[1, 1, 0, 1, 1, 0]"
799,"[0, 0, 1, 0, 1, 0]"
800,"[1, 0, 0, 1, 1, 0]"
801,"[0, 1, 0, 1, 1, 1]"
802,"[1, 1, 1, 0, 0, 1]"
803,"[0, 1, 0, 0, 1, 1]"
804,"[0, 1, 1, 0, 0, 0]"
805,"[1, 0, 0, 0, 1, 1]"
806,"[0, 0, 1, 1, 1, 0]"
807,"[1, 1, 0, 1, 0, 1]"
808,"[0, 0, 1, 1, 0, 1]"
809,"[1, 1, 1, 0, 0, 1]"
810,"[0, 0, 1, 1, 1, 0]"
811,"[1, 1, 1, 1, 1, 0]"
812,"[1, 1, 0, 1, 1, 1]"
813,"[0, 1, 1, 0, 0, 0]"
814,"[1, 1, 0, 0, 0, 1]"
815,"[0, 1, 0, 1, 1, 0]"
816,"[1, 1, 0, 1, 1, 0]"
817,"[0, 0, 1, 1, 1, 0]"
818,"[0, 1, 1, 1, 1, 0]"
819,"[1, 1, 0, 0, 1, 0]"
820,"[0, 1, 0, 0, 0, 1]"
821,"[1, 0, 1, 0, 0, 0]"
822,"[0, 1, 1, 1, 0, 1]"
823,"[0, 1, 0, 1, 1, 0]"
824,"[1, 1, 0, 1, 1, 0]"
825,"[0, 0, 0, 0, 0, 1]"
826,"[1, 1, 0, 0, 0, 1]"
827,"[1, 1, 1, 0, 0, 0]"
828,"[0, 1, 1, 0, 0, 0]"
829,"[1, 0, 1, 0, 0, 0]"
830,"[1, 1, 0, 0, 1, 1]"
831,"[1, 1, 0, 0, 0, 1]"
832,"[0, 0, 0, 0, 1, 1]"
833,"[0, 1, 1, 0, 1, 1]"
834,"[1, 0, 0, 1, 0, 1]"
835,"[1, 1, 1, 1, 1, 0]"
836,"[1, 0, 1, 0, 1, 1]"
837,"[1, 1, 1, 1, 0, 0]"
838,"[1, 0, 1, 0, 0, 1]"
839,"[0, 1, 0, 0, 0, 0]"
840,"[0, 0, 0, 0, 1, 0]"
841,"[1, 0, 1, 0, 0, 1]"
842,"[1, 0, 0, 0, 1, 1]"
843,"[0, 1, 0, 0, 0, 0]"
844,"[1, 0, 0, 0, 0, 0]"
845,"[0, 0, 0, 1, 0, 0]"
846,"[0, 1, 1, 1, 0, 1]"
847,"[1, 1, 0, 0, 0, 0]"
848,"[0, 1, 1, 1, 0, 0]"
849,"[1, 0, 0, 1, 1, 1]"
850,"[0, 0, 1, 1, 0, 1]"
851,"[0, 0, 1, 0, 0, 0]"
852,"[0, 0, 1, 1, 1, 0]"
853,"[0, 0, 1, 1, 1, 0]"
854,"[0, 1, 1, 0, 1, 1]"
855,"[1, 1, 1, 0, 1, 0]"
856,"[1, 1, 0, 1, 1, 0]"
857,"[1, 0, 1, 1, 1, 1]"
858,"[0, 1, 0, 0, 0, 0]"
859,"[0, 1, 1, 1, 0, 0]"
860,"[0, 0, 1, 0, 1, 0]"
861,"[1, 0, 0, 1, 0, 0]"
862,"[0, 1, 1, 1, 1, 1]"
863,"[1, 1, 1, 0, 1, 1]"
864,"[1, 1, 1, 0, 0, 1]"
865,"[0, 1, 0, 1, 0, 1]"
866,"[0, 0, 1, 1, 1, 1]"
867,"[0, 1, 1, 0, 1, 0]"
868,"[0, 0, 0, 1, 0, 1]"
869,"[0, 0, 0, 0, 1, 1]"
870,"[1, 1, 1, 0, 1, 0]"
871,"[0, 1, 0, 0, 0, 1]"
872,"[0, 1, 0, 1, 0, 0]"
873,"[0, 0, 0, 0, 0, 1]"
874,"[0, 1, 1, 0, 1, 0]"
875,"[1, 1, 1, 0, 1, 1]"
876,"[1, 0, 1, 0, 0, 1]"
877,"[0, 0, 1, 0, 1, 0]"
878,"[1, 1, 0, 0, 0, 0]"
879,"[1, 1, 0, 0, 1, 0]"
880,"[1, 1, 0, 1, 1, 1]"
881,"[0, 0, 1, 0, 1, 1]"
882,"[0, 0, 0, 1, 0, 0]"
883,"[0, 0, 0, 1, 1, 0]"
884,"[0, 1, 1, 1, 0, 1]"
885,"[1, 1, 1, 0, 0, 1]"
886,"[1, 1, 1, 0, 1, 0]"
887,"[0, 1, 1, 0, 1, 0]"
888,"[0, 1, 0, 0, 0, 0]"
889,"[0, 1, 1, 1, 1, 0]"
890,"[0, 1, 0, 0, 0, 1]"
891,"[1, 0, 1, 1, 1, 1]"
892,"[1, 0, 0, 1, 0, 0]"
893,"[0, 1, 0, 1, 1, 0]"
894,"[1, 1, 1, 0, 0, 0]"
895,"[0, 0, 1, 0, 0, 0]"
896,"[0, 1, 0, 1, 0, 0]"
897,"[1, 1, 0, 0, 1, 0]"
898,"[1, 1, 0, 0, 0, 0]"
899,"[1, 1, 1, 1, 0, 1]"
900,"[1, 1, 1, 0, 1, 1]"
901,"[0, 0, 0, 1, 0, 1]"
902,"[0, 0, 0, 1, 0, 1]"
903,"[0, 0, 0, 1, 0, 1]"
904,"[1, 1, 0, 1, 0, 1]"
905,"[0, 0, 0, 0, 0, 1]"
906,"[1, 0, 1, 1, 0, 1]"
907,"[0, 0, 1, 0, 0, 0]"
908,"[0, 0, 1, 0, 1, 0]"
909,"[0, 0, 1, 1, 1, 1]"
910,"[0, 0, 0, 0, 1, 0]"
911,"[0, 1, 0, 0, 1, 1]"
912,"[1, 1, 1, 0, 0, 1]"
913,"[1, 1, 0, 1, 0, 1]"
914,"[1, 1, 1, 0, 0, 0]"
915,"[0, 1, 0, 0, 1, 1]"
916,"[1, 0, 1, 1, 0, 0]"
917,"[1, 1, 1, 0, 1, 1]"
918,"[1, 0, 1, 0, 0, 1]"
919,"[1, 0, 0, 1, 0, 1]"
920,"[1, 0, 1, 0, 0, 1]"
921,"[1, 0, 1, 1, 0, 0]"
922,"[1, 0, 1, 0, 0, 0]"
923,"[0, 1, 0, 1, 0, 1]"
924,"[0, 1, 1, 0, 1, 1]"
925,"[0, 0, 1, 1, 1, 1]"
926,"[0, 1, 1, 0, 1, 1]"
927,"[0, 1, 0, 1, 0, 1]"
928,"[1, 1, 0, 1, 0, 1]"
929,"[0, 1, 1, 1, 1, 0]"
930,"[0, 1, 1, 0, 0, 0]"
931,"[1, 1, 1, 0, 1, 1]"
932,"[1, 0, 0, 0, 0, 0]"
933,"[0, 1, 0, 1, 0, 1]"
934,"[0, 0, 0, 0, 1, 0]"
935,"[0, 1, 0, 1, 0, 1]"
936,"[1, 0, 1, 1, 0, 0]"
937,"[1, 0, 0, 1, 1, 0]"
938,"[0, 1, 0, 1, 0, 0]"
939,"[0, 1, 1, 1, 0, 0]"
940,"[1, 1, 0, 0, 0, 1]"
941,"[1, 0, 1, 1, 0, 1]"
942,"[0, 1, 0, 0, 0, 0]"
943,"[0, 0, 0, 0, 1, 0]"
944,"[0, 1, 1, 1, 1, 0]"
945,"[1, 1, 1, 0, 0, 1]"
946,"[0, 0, 1, 0, 1, 0]"
947,"[1, 0, 0, 1, 1, 1]"
948,"[1, 0, 1, 1, 0, 0]"
949,"[1, 1, 0, 0, 0, 0]"
950,"[1, 0, 1, 1, 1, 0]"
951,"[1, 1, 1, 0, 0, 1]"
952,"[0, 0, 0, 0, 0, 1]"
953,"[0, 1, 0, 0, 0, 0]"
954,"[1, 1, 0, 1, 1, 0]"
955,"[0, 1, 0, 0, 0, 1]"
956,"[1, 0, 1, 1, 0, 1]"
957,"[1, 1, 0, 0, 0, 0]"
958,"[1, 0, 1, 0, 1, 1]"
959,"[0, 0, 1, 0, 0, 0]"
960,"[1, 0, 0, 1, 0, 1]"
961,"[1, 0, 1, 1, 0, 1]"
962,"[0, 1, 0, 1, 0, 1]"
963,"[0, 1, 1, 0, 0, 0]"
964,"[1, 0, 0, 1, 1, 1]"
965,"[1, 1, 1, 0, 1, 1]"
966,"[1, 1, 0, 1, 1, 0]"
967,"[1, 0, 0, 1, 1, 0]"
968,"[0, 0, 0, 0, 0, 0]"
969,"[1, 0, 0, 0, 0, 0]"
970,"[0, 0, 1, 0, 1, 0]"
971,"[0, 0, 0, 0, 1, 0]"
972,"[0, 0, 1, 1, 1, 0]"
973,"[0, 1, 1, 0, 1, 0]"
974,"[1, 0, 0, 1, 1, 0]"
975,"[0, 0, 1, 0, 1, 1]"
976,"[1, 0, 1, 1, 0, 0]"
977,"[1, 0, 0, 1, 1, 1]"
978,"[0, 0, 1, 1, 1, 1]"
979,"[0, 1, 1, 0, 1, 1]"
980,"[0, 0, 1, 1, 1, 1]"
981,"[1, 1, 0, 0, 1, 1]"
982,"[1, 1, 1, 0, 0, 0]"
983,"[1, 0, 0, 1, 0, 0]"
984,"[0, 0, 1, 0, 1, 0]"
985,"[1, 1, 0, 0, 0, 0]"
986,"[0, 0, 0, 0, 0, 1]"
987,"[1, 1, 1, 0, 1, 1]"
988,"[0, 0, 0, 0, 1, 0]"
989,"[0, 1, 0, 1, 1, 0]"
990,"[1, 1, 0, 0, 1, 0]"
991,"[0, 0, 1, 0, 0, 0]"
992,"[1, 1, 1, 0, 1, 1]"
993,"[0, 0, 0, 1, 0, 0]"
994,"[1, 1, 0, 0, 0, 0]"
995,"[1, 1, 0, 1, 1, 1]"
996,"[1, 1, 1, 0, 0, 0]"
997,"[0, 1, 0, 0, 1, 1]"
998,"[0, 1, 0, 1, 1, 0]"
999,"[1, 0, 0, 1, 0, 0]"
1000,"[0, 0, 1, 1, 0, 1]"
1001,"[0, 1, 1, 1, 0, 1]"
1002,"[1, 1, 1, 1, 0, 0]"
1003,"[0, 1, 1, 1, 0, 0]"
1004,"[0, 1, 1, 0, 1, 0]"
1005,"[1, 0, 1, 0, 0, 1]"
1006,"[1, 1, 0, 1, 1, 1]"
1007,"[1, 1, 1, 1, 1, 0]"
1008,"[0, 0, 0, 0, 0, 0]"
1009,"[0, 0, 1, 1, 0, 1]"
1010,"[1, 1, 0, 0, 0, 1]"
1011,"[0, 0, 1, 0, 0, 1]"
1012,"[1, 0, 1, 0, 0, 0]"
1013,"[1, 1, 1, 0, 1, 1]"
1014,"[0, 1, 1, 0, 0, 0]"
1015,"[0, 1, 0, 0, 0, 1]"
1016,"[0, 1, 1, 0, 1, 1]"
1017,"[0, 0, 1, 1, 0, 1]"
1018,"[1, 0, 0, 0, 1, 0]"
1019,"[1, 0, 0, 1, 1, 0]"
1020,"[0, 1, 1, 0, 0, 0]"
1021,"[0, 1, 1, 0, 0, 0]"
1022,"[0, 0, 1, 0, 1, 1]"
1023,"[0, 0, 0, 0, 0, 0]"
1024,"[1, 1, 0, 1, 1, 0]"
1025,"[0, 1, 1, 0, 0, 0]"
1026,"[0, 0, 1, 1, 0, 1]"
1027,"[0, 1, 0, 1, 0, 0]"
1028,"[0, 0, 0, 1, 0, 0]"
1029,"[1, 0, 0, 0, 1, 1]"
1030,"[0, 1, 1, 0, 1, 0]"
1031,"[0, 1, 0, 1, 0, 0]"
1032,"[1, 0, 1, 1, 0, 1]"
1033,"[0, 0, 1, 0, 0, 1]"
1034,"[1, 1, 0, 1, 1, 1]"
1035,"[0, 1, 1, 0, 1, 1]"
1036,"[1, 0, 0, 1, 0, 1]"
1037,"[1, 1, 0, 1, 1, 0]"
1038,"[1, 1, 0, 0, 0, 0]"
1039,"[1, 0, 0, 1, 0, 1]"
1040,"[1, 0, 0, 0, 1, 1]"
1041,"[1, 0, 1, 0, 1, 1]"
1042,"[1, 1, 1, 0, 0, 0]"
1043,"[1, 0, 1, 1, 1, 1]"
1044,"[0, 0, 1, 0, 1, 1]"
1045,"[0, 1, 1, 0, 0, 0]"
1046,"[0, 1, 0, 1, 0, 1]"
1047,"[0, 0, 1, 1, 1, 1]"
1048,"[1, 1, 0, 0, 0, 1]"
1049,"[0, 0, 1, 0, 1, 0]"
1050,"[0, 0, 1, 1, 0, 1]"
1051,"[1, 0, 0, 1, 0, 0]"
1052,"[1, 0, 0, 1, 1, 0]"
1053,"[0, 1, 1, 1, 0, 1]"
1054,"[1, 1, 1, 1, 0, 1]"
1055,"[1, 0, 1, 1, 0, 1]"
1056,"[0, 0, 0, 0, 1, 1]"
1057,"[0, 0, 0, 0, 1, 1]"
1058,"[1, 0, 1, 1, 0, 0]"
1059,"[1, 1, 0, 0, 0, 1]"
1060,"[0, 1, 1, 1, 1, 0]"
1061,"[1, 0, 1, 0, 0, 1]"
1062,"[1, 0, 0, 1, 1, 0]"
1063,"[1, 0, 0, 1, 1, 0]"
1064,"[0, 0, 0, 1, 0, 1]"
1065,"[1, 1, 0, 0, 1, 1]"
1066,"[1, 1, 1, 1, 0, 1]"
1067,"[0, 1, 0, 1, 1, 1]"
1068,"[0, 0, 1, 0, 1, 1]"
1069,"[0, 1, 1, 0, 1, 0]"
1070,"[0, 0, 1, 1, 0, 1]"
1071,"[1, 1, 1, 1, 0, 0]"
1072,"[0, 1, 1, 1, 0, 1]"
1073,"[1, 0, 1, 0, 1, 1]"
1074,"[1, 0, 0, 0, 1, 1]"
1075,"[0, 0, 0, 1, 1, 0]"
1076,"[1, 0, 1, 0, 1, 1]"
1077,"[0, 1, 1, 0, 1, 0]"
1078,"[1, 0, 0, 0, 1, 0]"
1079,"[0, 0, 0, 0, 0, 0]"
1080,"[0, 1, 1, 1, 1, 0]"
1081,"[1, 1, 0, 0, 0, 1]"
1082,"[0, 1, 1, 1, 0, 1]"
1083,"[1, 0, 0, 1, 1, 0]"
1084,"[0, 1, 0, 0, 1, 1]"
1085,"[0, 1, 0, 1, 1, 1]"
1086,"[0, 1, 0, 1, 1, 1]"
1087,"[1, 0, 0, 0, 1, 1]"
1088,"[0, 0, 1, 0, 0, 0]"
1089,"[1, 1, 0, 1, 0, 1]"
1090,"[1, 0, 1, 1, 0, 0]"
1091,"[1, 0, 1, 1, 0, 1]"
1092,"[1, 0, 0, 1, 1, 0]"
1093,"[1, 1, 0, 0, 1, 0]"
1094,"[1, 1, 1, 1, 0, 1]"
1095,"[0, 1, 1, 1, 1, 0]"
1096,"[0, 0, 0, 1, 0, 1]"
1097,"[0, 0, 0, 1, 0, 0]"
1098,"[0, 0, 1, 1, 1, 1]"
1099,"[0, 0, 1, 0, 1, 0]"
1100,"[1, 0, 0, 0, 1, 0]"
1101,"[0, 1, 1, 1, 0, 0]"
1102,"[1, 0, 0, 0, 1, 0]"
1103,"[1, 0, 0, 1, 1, 1]"
1104,"[1, 0, 0, 0, 1, 0]"
1105,"[0, 0, 1, 1, 1, 0]"
1106,"[1, 1, 1, 0, 1, 1]"
1107,"[1, 0, 1, 0, 0, 0]"
1108,"[1, 0, 1, 1, 0, 1]"
1109,"[1, 1, 1, 1, 0, 1]"
1110,"[1, 1, 1, 1, 0, 0]"
1111,"[0, 1, 1, 0, 1, 0]"
1112,"[0, 0, 1, 0, 0, 1]"
1113,"[0, 0, 1, 0, 0, 0]"
1114,"[0, 1, 0, 1, 1, 0]"
1115,"[1, 0, 0, 1, 0, 0]"
1116,"[0, 1, 0, 1, 0, 1]"
1117,"[1, 1, 0, 0, 1, 1]"
1118,"[0, 0, 1, 0, 1, 1]"
1119,"[0, 1, 1, 1, 0, 0]"
1120,"[1, 1, 1, 1, 0, 1]"
1121,"[1, 0, 0, 1, 0, 1]"
1122,"[0, 1, 0, 0, 0, 0]"
1123,"[0, 1, 1, 1, 0, 1]"
1124,"[1, 1, 0, 1, 1, 0]"
1125,"[0, 0, 1, 1, 1, 0]"
1126,"[0, 1, 0, 1, 1, 0]"
1127,"[0, 1, 1, 1, 0, 1]"
1128,"[1, 1, 1, 0, 0, 0]"
1129,"[0, 0, 0, 0, 1, 0]"
1130,"[0, 0, 0, 0, 0, 0]"
1131,"[1, 1, 0, 1, 1, 0]"
1132,"[0, 1, 1, 0, 1, 0]"
1133,"[0, 1, 0, 0, 1, 1]"
1134,"[0, 0, 0, 0, 0, 0]"
1135,"[1, 0, 1, 1, 0, 0]"
1136,"[1, 0, 0, 1, 1, 1]"
1137,"[0, 1, 1, 0, 0, 0]"
1138,"[1, 1, 1, 1, 1, 0]"
1139,"[0, 1, 0, 1, 0, 0]"
1140,"[0, 0, 0, 1, 0, 1]"
1141,"[0, 1, 0, 0, 0, 0]"
1142,"[0, 1, 0, 1, 1, 0]"
1143,"[0, 0, 1, 1, 0, 1]"
1144,"[0, 1, 1, 0, 1, 1]"
1145,"[0, 0, 1, 1, 1, 1]"
1146,"[1, 0, 0, 0, 1, 1]"
1147,"[1, 1, 0, 0, 0, 0]"
1148,"[0, 1, 0, 1, 0, 1]"
1149,"[0, 1, 1, 0, 1, 1]"
1150,"[1, 0, 0, 0, 1, 1]"
1151,"[1, 1, 0, 1, 1, 0]"
1152,"[1, 0, 0, 0, 1, 0]"
1153,"[1, 1, 1, 0, 1, 0]"
1154,"[1, 0, 1, 1, 1, 0]"
1155,"[1, 1, 1, 1, 0, 0]"
1156,"[1, 0, 1, 0, 0, 1]"
1157,"[0, 0, 1, 0, 1, 1]"
1158,"[1, 1, 1, 1, 0, 1]"
1159,"[0, 1, 1, 1, 0, 1]"
1160,"[0, 1, 1, 1, 1, 0]"
1161,"[0, 0, 1, 0, 1, 0]"
1162,"[0, 0, 1, 0, 0, 1]"
1163,"[1, 0, 1, 0, 0, 0]"
1164,"[0, 1, 1, 1, 1, 1]"
1165,"[0, 0, 1, 0, 0, 0]"
1166,"[0, 1, 1, 0, 1, 0]"
1167,"[0, 1, 0, 1, 1, 0]"
1168,"[0, 0, 1, 0, 0, 1]"
1169,"[0, 0, 0, 1, 1, 0]"
1170,"[1, 0, 0, 1, 1, 1]"
1171,"[1, 0, 1, 0, 0, 0]"
1172,"[1, 1, 0, 0, 0, 0]"
1173,"[0, 0, 1, 1, 1, 0]"
1174,"[0, 0, 0, 1, 1, 0]"
1175,"[0, 0, 0, 0, 1, 1]"
1176,"[1, 1, 0, 1, 1, 1]"
1177,"[0, 0, 0, 0, 1, 0]"
1178,"[0, 1, 1, 0, 1, 1]"
1179,"[0, 0, 0, 0, 1, 0]"
1180,"[1, 0, 0, 1, 1, 0]"
1181,"[0, 0, 1, 1, 1, 1]"
1182,"[1, 0, 1, 0, 0, 1]"
1183,"[1, 1, 0, 0, 1, 0]"
1184,"[0, 1, 1, 0, 1, 0]"
1185,"[1, 1, 0, 1, 1, 1]"
1186,"[1, 0, 1, 1, 0, 1]"
1187,"[0, 0, 0, 0, 0, 1]"
1188,"[1, 1, 0, 1, 1, 1]"
1189,"[0, 1, 0, 1, 0, 1]"
1190,"[1, 0, 0, 1, 1, 0]"
1191,"[1, 1, 1, 1, 0, 1]"
1192,"[0, 0, 0, 0, 1, 1]"
1193,"[1, 1, 1, 0, 1, 0]"
1194,"[0, 1, 0, 1, 0, 0]"
1195,"[0, 0, 1, 0, 1, 1]"
1196,"[1, 0, 0, 1, 0, 0]"
1197,"[0, 0, 0, 0, 1, 1]"
1198,"[0, 0, 0, 0, 0, 1]"
1199,"[0, 0, 0, 1, 0, 0]"
1200,"[1, 1, 1, 0, 1, 0]"
1201,"[1, 1, 0, 0, 0, 0]"
1202,"[0, 1, 0, 0, 0, 1]"
1203,"[0, 0, 0, 0, 0, 0]"
1204,"[0, 1, 0, 1, 0, 1]"
1205,"[1, 1, 0, 1, 0, 1]"
1206,"[1, 1, 1, 0, 0, 0]"
1207,"[0, 0, 1, 0, 1, 0]"
1208,"[1, 1, 0, 0, 1, 0]"
1209,"[0, 0, 0, 0, 0, 1]"
1210,"[1, 0, 0, 1, 0, 1]"
1211,"[1, 0, 1, 0, 1, 1]"
1212,"[1, 1, 1, 0, 0, 1]"
1213,"[1, 0, 1, 0, 0, 1]"
1214,"[1, 0, 1, 1, 1, 0]"
1215,"[1, 0, 0, 1, 0, 1]"
1216,"[0, 1, 0, 0, 0, 0]"
1217,"[0, 0, 0, 0, 1, 0]"
1218,"[1, 0, 1, 0, 0, 0]"
1219,"[1, 1, 1, 1, 1, 0]"
1220,"[0, 0, 0, 1, 0, 1]"
1221,"[0, 1, 1, 0, 1, 0]"
1222,"[0, 0, 0, 1, 0, 0]"
1223,"[1, 1, 1, 1, 0, 0]"
1224,"[0, 0, 1, 0, 0, 0]"
1225,"[1, 0, 0, 0, 1, 1]"
1226,"[1, 1, 1, 1, 0, 0]"
1227,"[0, 1, 1, 1, 0, 1]"
1228,"[0, 1, 1, 0, 0, 0]"
1229,"[1, 0, 1, 1, 1, 0]"
1230,"[0, 0, 0, 1, 0, 0]"
1231,"[1, 0, 0, 1, 1, 0]"
1232,"[1, 0, 0, 1, 1, 0]"
1233,"[0, 1, 1, 0, 1, 1]"
1234,"[1, 1, 0, 0, 0, 1]"
1235,"[0, 1, 0, 0, 1, 1]"
1236,"[0, 1, 1, 1, 1, 1]"
1237,"[1, 1, 1, 0, 0, 0]"
1238,"[1, 1, 0, 1, 1, 1]"
1239,"[1, 0, 1, 0, 0, 1]"
1240,"[1, 1, 1, 0, 0, 1]"
1241,"[1, 1, 0, 1, 1, 0]"
1242,"[1, 1, 1, 0, 0, 1]"
1243,"[0, 0, 0, 0, 0, 0]"
1244,"[0, 1, 1, 0, 1, 0]"
1245,"[1, 0, 1, 1, 1, 1]"
1246,"[1, 1, 0, 1, 1, 1]"
1247,"[0, 1, 0, 0, 0, 0]"
1248,"[0, 0, 1, 0, 0, 0]"
1249,"[0, 0, 1, 0, 1, 0]"
1250,"[1, 1, 1, 0, 0, 1]"
1251,"[0, 1, 1, 0, 0, 0]"
1252,"[1, 1, 1, 0, 1, 0]"
1253,"[1, 1, 1, 1, 1, 0]"
1254,"[1, 0, 0, 1, 0, 1]"
1255,"[0, 1, 0, 0, 0, 1]"
1256,"[1, 0, 0, 1, 1, 0]"
1257,"[0, 1, 1, 0, 1, 0]"
1258,"[0, 0, 1, 0, 0, 0]"
1259,"[0, 0, 1, 1, 1, 1]"
1260,"[0, 1, 0, 0, 0, 1]"
1261,"[1, 0, 0, 0, 0, 0]"
1262,"[0, 1, 0, 1, 0, 1]"
1263,"[1, 1, 0, 1, 0, 1]"
1264,"[0, 0, 0, 1, 0, 0]"
1265,"[1, 1, 1, 1, 0, 0]"
1266,"[0, 1, 0, 1, 1, 1]"
1267,"[0, 1, 0, 0, 0, 1]"
1268,"[1, 0, 1, 0, 0, 0]"
1269,"[0, 0, 1, 0, 1, 1]"
1270,"[1, 1, 1, 0, 0, 1]"
1271,"[1, 1, 0, 0, 0, 1]"
1272,"[1, 1, 0, 1, 1, 0]"
1273,"[1, 1, 1, 0, 1, 0]"
1274,"[1, 0, 1, 0, 0, 0]"
1275,"[0, 0, 0, 1, 0, 0]"
1276,"[0, 0, 1, 0, 0, 0]"
1277,"[0, 1, 0, 0, 1, 1]"
1278,"[1, 0, 0, 1, 0, 0]"
1279,"[0, 0, 1, 1, 1, 1]"
1280,"[0, 0, 1, 0, 1, 1]"
1281,"[1, 1, 1, 0, 1, 0]"
1282,"[1, 1, 0, 0, 0, 0]"
1283,"[0, 0, 1, 0, 1, 0]"
1284,"[0, 1, 1, 0, 1, 1]"
1285,"[1, 0, 1, 0, 1, 1]"
1286,"[1, 0, 1, 0, 0, 0]"
1287,"[0, 1, 1, 1, 0, 1]"
1288,"[0, 1, 1, 1, 0, 0]"
1289,"[0, 0, 0, 0, 1, 1]"
1290,"[0, 1, 0, 0, 1, 1]"
1291,"[0, 0, 0, 0, 1, 1]"
1292,"[1, 1, 1, 0, 1, 0]"
1293,"[1, 1, 1, 0, 1, 0]"
1294,"[1, 0, 0, 1, 1, 1]"
1295,"[1, 1, 0, 0, 0, 0]"
1296,"[0, 0, 1, 0, 1, 1]"
1297,"[1, 0, 1, 0, 1, 1]"
1298,"[1, 0, 1, 1, 0, 1]"
1299,"[1, 0, 0, 1, 1, 0]"
1300,"[0, 0, 1, 0, 0, 1]"
1301,"[1, 1, 0, 1, 0, 1]"
1302,"[1, 1, 1, 1, 0, 0]"
1303,"[0, 1, 0, 0, 0, 1]"
1304,"[0, 0, 1, 1, 0, 1]"
1305,"[1, 1, 0, 0, 0, 1]"
1306,"[1, 1, 1, 0, 1, 1]"
1307,"[0, 1, 1, 0, 0, 0]"
1308,"[0, 1, 1, 0, 0, 0]"
1309,"[0, 0, 1, 1, 1, 0]"
1310,"[1, 0, 1, 1, 0, 1]"
1311,"[1, 0, 0, 1, 1, 1]"
1312,"[1, 1, 1, 1, 0, 0]"
1313,"[1, 0, 1, 1, 0, 1]"
1314,"[0, 1, 1, 1, 0, 0]"
1315,"[1, 0, 1, 0, 0, 0]"
1316,"[1, 0, 0, 0, 1, 1]"
1317,"[0, 0, 1, 0, 0, 0]"
1318,"[0, 0, 1, 0, 1, 1]"
1319,"[1, 1, 1, 1, 1, 0]"
1320,"[0, 0, 1, 0, 1, 0]"
1321,"[0, 1, 0, 1, 1, 1]"
1322,"[0, 1, 1, 1, 1, 1]"
1323,"[0, 1, 1, 1, 0, 0]"
1324,"[1, 0, 1, 0, 0, 0]"
1325,"[0, 0, 0, 1, 1, 0]"
1326,"[1, 1, 0, 0, 0, 1]"
1327,"[1, 0, 0, 0, 0, 0]"
1328,"[1, 0, 0, 1, 1, 1]"
1329,"[0, 1, 0, 1, 1, 1]"
1330,"[1, 1, 0, 0, 0, 0]"
1331,"[0, 0, 0, 1, 0, 0]"
1332,"[0, 0, 0, 1, 0, 0]"
1333,"[0, 1, 1, 0, 1, 1]"
1334,"[0, 1, 0, 0, 1, 1]"
1335,"[0, 1, 1, 1, 1, 0]"
1336,"[0, 0, 1, 0, 1, 0]"
1337,"[0, 1, 0, 0, 0, 0]"
1338,"[0, 1, 1, 1, 0, 0]"
1339,"[0, 0, 0, 1, 0, 1]"
1340,"[1, 1, 1, 1, 1, 0]"
1341,"[1, 0, 0, 1, 0, 0]"
1342,"[0, 0, 1, 0, 0, 0]"
1343,"[0, 0, 0, 0, 1, 1]"
1344,"[0, 0, 1, 1, 1, 1]"
1345,"[1, 0, 0, 0, 1, 0]"
1346,"[1, 1, 1, 0, 0, 1]"
1347,"[0, 1, 1, 1, 0, 1]"
1348,"[0, 1, 0, 1, 0, 1]"
1349,"[1, 1, 0, 0, 0, 1]"
1350,"[0, 0, 1, 1, 1, 1]"
1351,"[0, 1, 1, 0, 1, 0]"
1352,"[0, 1, 1, 1, 1, 1]"
1353,"[0, 0, 1, 0, 1, 0]"
1354,"[1, 1, 0, 0, 1, 0]"
1355,"[0, 0, 0, 1, 0, 0]"
1356,"[1, 1, 0, 1, 1, 0]"
1357,"[1, 0, 0, 0, 1, 1]"
1358,"[1, 0, 1, 0, 1, 1]"
1359,"[0, 0, 1, 0, 0, 0]"
1360,"[1, 1, 1, 1, 0, 1]"
1361,"[0, 0, 0, 0, 1, 1]"
1362,"[0, 1, 1, 0, 1, 0]"
1363,"[0, 0, 1, 0, 1, 1]"
1364,"[0, 1, 0, 1, 1, 0]"
1365,"[1, 0, 1, 1, 0, 1]"
1366,"[0, 0, 1, 0, 1, 1]"
1367,"[1, 1, 0, 0, 0, 0]"
1368,"[1, 0, 0, 1, 0, 0]"
1369,"[0, 0, 1, 0, 1, 0]"
1370,"[1, 0, 1, 1, 1, 1]"
1371,"[0, 1, 1, 1, 1, 1]"
1372,"[1, 0, 0, 0, 1, 0]"
1373,"[0, 1, 0, 0, 1, 1]"
1374,"[1, 1, 0, 0, 0, 0]"
1375,"[0, 1, 0, 1, 1, 0]"
1376,"[0, 0, 0, 0, 0, 1]"
1377,"[0, 0, 0, 1, 0, 0]"
1378,"[0, 0, 1, 0, 1, 0]"
1379,"[1, 1, 1, 1, 0, 0]"
1380,"[0, 0, 1, 1, 0, 1]"
1381,"[0, 0, 1, 1, 1, 0]"
1382,"[0, 1, 0, 0, 0, 0]"
1383,"[1, 1, 0, 0, 1, 1]"
1384,"[0, 0, 1, 0, 1, 1]"
1385,"[0, 0, 0, 1, 0, 0]"
1386,"[0, 1, 1, 0, 1, 0]"
1387,"[1, 0, 0, 1, 1, 1]"
1388,"[1, 1, 1, 1, 0, 0]"
1389,"[1, 0, 0, 1, 0, 1]"
1390,"[1, 1, 1, 0, 1, 1]"
1391,"[1, 0, 0, 0, 1, 1]"
1392,"[1, 0, 1, 1, 0, 1]"
1393,"[1, 0, 1, 1, 1, 1]"
1394,"[1, 1, 0, 1, 1, 0]"
1395,"[1, 0, 1, 1, 0, 0]"
1396,"[0, 1, 0, 1, 1, 0]"
1397,"[1, 1, 0, 1, 1, 0]"
1398,"[1, 0, 1, 0, 0, 0]"
1399,"[0, 0, 0, 0, 1, 1]"
1400,"[0, 0, 1, 1, 0, 1]"
1401,"[0, 1, 1, 1, 0, 1]"
1402,"[0, 0, 0, 0, 1, 1]"
1403,"[1, 0, 0, 0, 0, 0]"
1404,"[1, 0, 1, 1, 1, 1]"
1405,"[0, 0, 0, 0, 1, 1]"
1406,"[0, 0, 0, 1, 0, 1]"
1407,"[1, 1, 1, 0, 0, 1]"
1408,"[0, 0, 0, 0, 0, 0]"
1409,"[1, 0, 0, 0, 1, 0]"
1410,"[0, 0, 0, 0, 1, 1]"
1411,"[1, 0, 0, 1, 0, 0]"
1412,"[0, 1, 1, 1, 0, 0]"
1413,"[1, 1, 1, 0, 1, 1]"
1414,"[0, 0, 1, 1, 1, 1]"
1415,"[0, 1, 0, 0, 0, 1]"
1416,"[1, 1, 1, 0, 0, 0]"
1417,"[0, 1, 1, 1, 1, 0]"
1418,"[0, 1, 1, 1, 0, 0]"
1419,"[1, 0, 0, 1, 0, 1]"
1420,"[0, 0, 1, 0, 1, 0]"
1421,"[0, 0, 1, 0, 0, 0]"
1422,"[1, 1, 0, 1, 1, 1]"
1423,"[1, 0, 0, 0, 1, 1]"
1424,"[1, 1, 0, 1, 1, 0]"
1425,"[1, 1, 1, 1, 0, 0]"
1426,"[1, 1, 1, 0, 1, 1]"
1427,"[1, 1, 1, 0, 0, 1]"
1428,"[1, 1, 0, 1, 1, 1]"
1429,"[1, 1, 1, 1, 0, 1]"
1430,"[1, 1, 1, 0, 0, 1]"
1431,"[0, 0, 1, 1, 1, 1]"
1432,"[0, 0, 0, 0, 1, 0]"
1433,"[0, 1, 0, 1, 1, 0]"
1434,"[0, 1, 0, 1, 1, 1]"
1435,"[1, 1, 0, 1, 1, 1]"
1436,"[0, 1, 1, 1, 1, 1]"
1437,"[1, 1, 0, 0, 1, 1]"
1438,"[0, 1, 1, 1, 1, 1]"
1439,"[1, 0, 1, 0, 0, 0]"
1440,"[1, 1, 1, 1, 0, 0]"
1441,"[0, 1, 0, 1, 1, 0]"
1442,"[0, 0, 1, 0, 0, 0]"
1443,"[0, 1, 0, 0, 0, 0]"
1444,"[0, 1, 0, 1, 0, 0]"
1445,"[1, 0, 0, 1, 1, 1]"
1446,"[0, 0, 1, 0, 1, 1]"
1447,"[1, 0, 1, 1, 1, 0]"
1448,"[0, 1, 1, 1, 1, 0]"
1449,"[0, 0, 0, 0, 1, 0]"
1450,"[0, 1, 0, 1, 1, 0]"
1451,"[1, 0, 0, 0, 1, 1]"
1452,"[0, 0, 0, 1, 0, 1]"
1453,"[1, 1, 0, 1, 1, 0]"
1454,"[1, 1, 1, 1, 0, 1]"
1455,"[1, 0, 1, 1, 0, 0]"
1456,"[0, 1, 1, 1, 1, 0]"
1457,"[1, 0, 1, 1, 1, 0]"
1458,"[0, 1, 1, 0, 0, 0]"
1459,"[1, 0, 0, 1, 0, 1]"
1460,"[1, 0, 1, 1, 0, 1]"
1461,"[0, 1, 0, 1, 0, 1]"
1462,"[1, 0, 1, 0, 1, 1]"
1463,"[0, 1, 1, 0, 0, 0]"
1464,"[1, 0, 0, 1, 1, 0]"
1465,"[1, 1, 1, 0, 0, 1]"
1466,"[1, 0, 1, 1, 1, 0]"
1467,"[1, 0, 1, 1, 0, 1]"
1468,"[1, 0, 0, 1, 0, 0]"
1469,"[1, 1, 0, 0, 1, 0]"
1470,"[0, 0, 0, 0, 0, 0]"
1471,"[0, 0, 1, 1, 1, 1]"
1472,"[0, 0, 1, 1, 0, 1]"
1473,"[1, 0, 1, 0, 0, 0]"
1474,"[1, 1, 1, 1, 0, 0]"
1475,"[1, 1, 0, 0, 0, 0]"
1476,"[0, 0, 0, 0, 0, 0]"
1477,"[1, 0, 0, 0, 1, 1]"
1478,"[0, 0, 0, 0, 1, 1]"
1479,"[0, 0, 1, 0, 0, 1]"
1480,"[1, 1, 1, 0, 1, 0]"
1481,"[1, 0, 1, 1, 0, 1]"
1482,"[0, 1, 1, 1, 1, 1]"
1483,"[0, 1, 0, 1, 1, 0]"
1484,"[0, 1, 0, 0, 0, 1]"
1485,"[1, 1, 1, 0, 1, 1]"
1486,"[1, 0, 1, 1, 1, 1]"
1487,"[0, 1, 1, 0, 1, 1]"
1488,"[1, 1, 1, 0, 1, 1]"
1489,"[0, 1, 1, 0, 1, 0]"
1490,"[1, 1, 1, 0, 0, 0]"
1491,"[0, 1, 1, 0, 1, 1]"
1492,"[1, 0, 1, 1, 1, 0]"
1493,"[1, 0, 0, 1, 1, 1]"
1494,"[1, 0, 0, 0, 0, 0]"
1495,"[1, 1, 0, 0, 0, 1]"
1496,"[1, 1, 0, 1, 1, 0]"
1497,"[1, 0, 1, 1, 1, 1]"
1498,"[0, 1, 1, 1, 1, 1]"
1499,"[0, 1, 0, 1, 0, 0]"
1500,"[1, 1, 0, 0, 0, 0]"
1501,"[0, 1, 1, 1, 0, 1]"
1502,"[0, 1, 1, 1, 1, 0]"
1503,"[0, 0, 0, 0, 1, 1]"
1504,"[0, 1, 0, 0, 0, 0]"
1505,"[0, 1, 1, 0, 0, 0]"
1506,"[1, 0, 0, 0, 1, 1]"
1507,"[1, 1, 1, 1, 0, 1]"
1508,"[0, 1, 0, 1, 1, 1]"
1509,"[1, 1, 1, 1, 0, 1]"
1510,"[1, 0, 1, 1, 1, 0]"
1511,"[0, 1, 0, 1, 1, 0]"
1512,"[0, 0, 1, 1, 0, 1]"
1513,"[0, 1, 1, 1, 0, 1]"
1514,"[1, 0, 0, 1, 0, 1]"
1515,"[0, 0, 1, 0, 0, 0]"
1516,"[0, 0, 1, 0, 1, 1]"
1517,"[1, 1, 1, 1, 0, 1]"
1518,"[1, 0, 0, 1, 0, 0]"
1519,"[1, 0, 0, 0, 0, 0]"
1520,"[0, 0, 0, 1, 0, 0]"
1521,"[1, 1, 1, 0, 1, 1]"
1522,"[1, 0, 0, 1, 0, 1]"
1523,"[0, 0, 0, 1, 1, 0]"
1524,"[0, 0, 1, 1, 1, 1]"
1525,"[1, 0, 0, 0, 1, 1]"
1526,"[0, 1, 0, 1, 0, 0]"
1527,"[0, 1, 1, 0, 1, 1]"
1528,"[0, 0, 1, 0, 0, 0]"
1529,"[1, 1, 0, 1, 1, 0]"
1530,"[0, 1, 0, 1, 1, 1]"
1531,"[1, 0, 0, 1, 0, 1]"
1532,"[1, 1, 1, 1, 0, 1]"
1533,"[0, 0, 1, 1, 1, 1]"
1534,"[1, 1, 0, 0, 0, 1]"
1535,"[1, 0, 1, 0, 1, 1]"
1536,"[0, 1, 0, 0, 0, 1]"
1537,"[1, 1, 0, 1, 1, 0]"
1538,"[0, 1, 1, 0, 0, 0]"
1539,"[1, 0, 1, 0, 0, 1]"
1540,"[1, 0, 1, 1, 0, 0]"
1541,"[0, 0, 1, 1, 1, 0]"
1542,"[1, 1, 1, 0, 0, 0]"
1543,"[0, 0, 0, 0, 1, 0]"
1544,"[0, 1, 1, 0, 1, 1]"
1545,"[0, 1, 0, 0, 0, 0]"
1546,"[1, 0, 0, 0, 1, 1]"
1547,"[1, 1, 0, 1, 1, 0]"
1548,"[0, 1, 1, 0, 1, 1]"
1549,"[0, 1, 1, 1, 0, 1]"
1550,"[0, 1, 1, 1, 0, 1]"
1551,"[1, 0, 1, 0, 1, 1]"
1552,"[0, 0, 1, 1, 1, 0]"
1553,"[1, 1, 1, 1, 1, 0]"
1554,"[1, 0, 0, 1, 0, 0]"
1555,"[1, 0, 0, 0, 1, 1]"
1556,"[0, 1, 1, 1, 0, 0]"
1557,"[0, 0, 0, 0, 0, 1]"
1558,"[0, 1, 0, 0, 0, 0]"
1559,"[0, 1, 0, 1, 1, 1]"
1560,"[0, 0, 1, 0, 1, 1]"
1561,"[0, 0, 1, 1, 1, 1]"
1562,"[0, 1, 1, 1, 0, 1]"
1563,"[1, 1, 0, 0, 0, 1]"
1564,"[1, 1, 1, 1, 0, 0]"
1565,"[0, 0, 0, 0, 1, 0]"
1566,"[1, 0, 1, 0, 0, 0]"
1567,"[0, 1, 1, 1, 0, 0]"
1568,"[0, 0, 1, 0, 0, 1]"
1569,"[1, 0, 1, 1, 1, 1]"
1570,"[1, 0, 0, 0, 1, 1]"
1571,"[1, 0, 0, 1, 1, 0]"
1572,"[0, 1, 0, 1, 0, 1]"
1573,"[0, 0, 0, 0, 1, 1]"
1574,"[1, 0, 0, 1, 1, 1]"
1575,"[1, 1, 1, 0, 1, 1]"
1576,"[0, 0, 0, 0, 0, 0]"
1577,"[1, 0, 1, 0, 1, 1]"
1578,"[1, 1, 0, 1, 1, 0]"
1579,"[0, 0, 1, 1, 0, 1]"
1580,"[0, 1, 0, 1, 0, 1]"
1581,"[1, 1, 0, 1, 1, 0]"
1582,"[1, 0, 0, 1, 1, 1]"
1583,"[1, 1, 0, 0, 1, 0]"
1584,"[0, 1, 0, 1, 0, 1]"
1585,"[0, 0, 1, 0, 0, 0]"
1586,"[1, 0, 1, 0, 1, 1]"
1587,"[1, 1, 1, 0, 0, 1]"
1588,"[1, 1, 1, 1, 1, 0]"
1589,"[1, 1, 1, 1, 0, 0]"
1590,"[0, 1, 0, 0, 1, 1]"
1591,"[0, 0, 1, 1, 1, 0]"
1592,"[0, 0, 1, 0, 0, 0]"
1593,"[1, 1, 1, 0, 1, 1]"
1594,"[1, 0, 0, 1, 1, 1]"
1595,"[1, 1, 1, 0, 0, 0]"
1596,"[0, 1, 0, 1, 1, 1]"
1597,"[0, 0, 1, 0, 0, 1]"
1598,"[1, 0, 0, 1, 1, 1]"
1599,"[1, 1, 0, 1, 1, 0]"
1600,"[1, 1, 0, 0, 0, 1]"
1601,"[1, 0, 0, 0, 1, 0]"
1602,"[0, 0, 0, 1, 1, 0]"
1603,"[1, 0, 1, 1, 0, 1]"
1604,"[0, 0, 1, 0, 1, 0]"
1605,"[0, 1, 0, 1, 1, 0]"
1606,"[0, 0, 0, 0, 1, 0]"
1607,"[0, 0, 0, 0, 1, 0]"
1608,"[1, 1, 1, 1, 1, 0]"
1609,"[1, 1, 0, 0, 1, 0]"
1610,"[1, 0, 1, 1, 0, 0]"
1611,"[0, 0, 0, 0, 0, 0]"
1612,"[0, 1, 0, 1, 1, 0]"
1613,"[0, 1, 1, 1, 1, 1]"
1614,"[0, 0, 1, 1, 1, 1]"
1615,"[1, 1, 0, 1, 1, 0]"
1616,"[0, 1, 1, 0, 1, 0]"
1617,"[0, 0, 1, 1, 0, 1]"
1618,"[1, 0, 0, 1, 1, 0]"
1619,"[0, 1, 1, 1, 0, 0]"
1620,"[1, 1, 0, 1, 0, 1]"
1621,"[0, 1, 0, 0, 0, 0]"
1622,"[1, 0, 1, 0, 0, 0]"
1623,"[0, 1, 1, 0, 1, 0]"
1624,"[0, 0, 0, 0, 0, 1]"
1625,"[1, 0, 1, 1, 1, 1]"
1626,"[1, 0, 1, 1, 0, 0]"
1627,"[0, 0, 1, 0, 0, 0]"
1628,"[1, 0, 0, 0, 0, 0]"
1629,"[0, 1, 1, 1, 0, 0]"
1630,"[0, 1, 0, 1, 1, 1]"
1631,"[0, 1, 1, 1, 0, 0]"
1632,"[0, 0, 0, 1, 1, 0]"
1633,"[0, 1, 0, 1, 0, 0]"
1634,"[1, 1, 0, 1, 1, 1]"
1635,"[0, 0, 0, 1, 0, 0]"
1636,"[1, 1, 0, 1, 0, 1]"
1637,"[1, 1, 1, 1, 0, 1]"
1638,"[1, 1, 1, 1, 0, 0]"
1639,"[0, 1, 0, 1, 1, 0]"
1640,"[0, 0, 0, 1, 0, 1]"
1641,"[1, 0, 0, 1, 0, 1]"
1642,"[0, 0, 0, 1, 0, 0]"
1643,"[0, 0, 0, 1, 0, 0]"
1644,"[0, 0, 0, 0, 1, 1]"
1645,"[1, 1, 0, 1, 0, 1]"
1646,"[0, 0, 0, 0, 0, 1]"
1647,"[1, 0, 0, 1, 0, 1]"
1648,"[1, 1, 1, 1, 1, 0]"
1649,"[0, 1, 0, 1, 1, 0]"
1650,"[1, 1, 0, 0, 1, 1]"
1651,"[1, 0, 1, 1, 0, 0]"
1652,"[1, 0, 1, 0, 0, 0]"
1653,"[1, 0, 0, 0, 1, 0]"
1654,"[0, 0, 1, 1, 1, 0]"
1655,"[0, 1, 1, 0, 1, 1]"
1656,"[0, 0, 0, 1, 1, 0]"
1657,"[0, 0, 0, 1, 0, 0]"
1658,"[1, 0, 1, 1, 1, 0]"
1659,"[1, 0, 1, 0, 0, 1]"
1660,"[0, 0, 0, 0, 1, 0]"
1661,"[0, 1, 0, 0, 1, 1]"
1662,"[0, 0, 1, 0, 0, 1]"
1663,"[1, 0, 1, 1, 1, 1]"
1664,"[0, 1, 1, 0, 1, 0]"
1665,"[1, 0, 1, 0, 1, 1]"
1666,"[0, 0, 1, 0, 0, 1]"
1667,"[0, 0, 0, 0, 1, 0]"
1668,"[0, 0, 0, 0, 1, 1]"
1669,"[1, 0, 1, 1, 0, 0]"
1670,"[1, 0, 1, 1, 0, 1]"
1671,"[0, 1, 0, 0, 1, 1]"
1672,"[0, 0, 1, 0, 0, 0]"
1673,"[1, 1, 1, 0, 0, 1]"
1674,"[0, 0, 1, 1, 1, 1]"
1675,"[0, 1, 0, 1, 0, 1]"
1676,"[0, 1, 0, 0, 0, 1]"
1677,"[1, 0, 1, 0, 0, 1]"
1678,"[0, 1, 0, 1, 1, 1]"
1679,"[0, 1, 1, 0, 0, 0]"
1680,"[1, 1, 1, 0, 1, 1]"
1681,"[1, 0, 1, 1, 1, 0]"
1682,"[0, 0, 1, 0, 0, 1]"
1683,"[0, 1, 1, 1, 0, 1]"
1684,"[0, 0, 1, 0, 0, 0]"
1685,"[0, 0, 0, 0, 0, 1]"
1686,"[0, 1, 1, 0, 0, 0]"
1687,"[1, 0, 1, 1, 0, 0]"
1688,"[1, 0, 0, 0, 1, 1]"
1689,"[0, 1, 0, 1, 1, 1]"
1690,"[0, 0, 1, 1, 1, 0]"
1691,"[1, 1, 1, 0, 0, 0]"
1692,"[0, 1, 1, 0, 1, 1]"
1693,"[0, 1, 0, 0, 1, 1]"
1694,"[1, 0, 0, 1, 1, 1]"
1695,"[1, 1, 1, 0, 1, 0]"
1696,"[0, 1, 0, 1, 1, 1]"
1697,"[0, 1, 0, 1, 1, 0]"
1698,"[0, 0, 1, 1, 1, 0]"
1699,"[1, 1, 0, 1, 0, 1]"
1700,"[1, 0, 1, 0, 1, 1]"
1701,"[1, 1, 1, 1, 0, 1]"
1702,"[0, 1, 1, 0, 1, 0]"
1703,"[0, 1, 1, 1, 1, 0]"
1704,"[1, 1, 0, 1, 0, 1]"
1705,"[1, 0, 0, 0, 0, 0]"
1706,"[0, 0, 1, 1, 0, 1]"
1707,"[0, 0, 1, 0, 1, 0]"
1708,"[0, 0, 0, 1, 1, 0]"
1709,"[0, 1, 0, 1, 1, 0]"
1710,"[1, 0, 1, 0, 1, 1]"
1711,"[0, 0, 1, 1, 1, 1]"
1712,"[0, 0, 1, 0, 0, 0]"
1713,"[0, 1, 1, 0, 0, 0]"
1714,"[1, 0, 0, 1, 1, 0]"
1715,"[0, 0, 1, 1, 0, 1]"
1716,"[0, 1, 0, 1, 1, 1]"
1717,"[0, 1, 0, 1, 1, 0]"
1718,"[1, 0, 1, 0, 0, 0]"
1719,"[1, 1, 0, 0, 0, 0]"
1720,"[0, 0, 0, 0, 0, 0]"
1721,"[1, 0, 1, 0, 0, 1]"
1722,"[0, 1, 0, 0, 0, 0]"
1723,"[1, 0, 0, 1, 0, 1]"
1724,"[0, 1, 1, 1, 0, 1]"
1725,"[0, 0, 1, 1, 0, 1]"
1726,"[1, 0, 1, 0, 0, 0]"
1727,"[1, 1, 1, 1, 0, 0]"
1728,"[1, 1, 1, 0, 1, 0]"
1729,"[1, 1, 1, 1, 0, 1]"
1730,"[1, 0, 0, 1, 0, 0]"
1731,"[1, 1, 1, 0, 1, 0]"
1732,"[1, 1, 0, 1, 0, 1]"
1733,"[1, 1, 1, 0, 0, 1]"
1734,"[0, 0, 0, 1, 0, 0]"
1735,"[0, 1, 0, 0, 0, 1]"
1736,"[1, 1, 0, 0, 0, 1]"
1737,"[0, 0, 1, 0, 1, 1]"
1738,"[0, 0, 1, 0, 1, 1]"
1739,"[0, 1, 0, 1, 0, 1]"
1740,"[1, 1, 1, 1, 1, 0]"
1741,"[1, 0, 0, 1, 0, 0]"
1742,"[1, 0, 1, 1, 1, 1]"
1743,"[0, 0, 0, 0, 0, 0]"
1744,"[0, 0, 1, 1, 1, 1]"
1745,"[0, 0, 1, 0, 1, 0]"
1746,"[1, 1, 1, 1, 0, 1]"
1747,"[0, 0, 1, 0, 0, 1]"
1748,"[1, 1, 0, 0, 0, 0]"
1749,"[0, 0, 0, 1, 0, 1]"
1750,"[0, 1, 1, 0, 1, 1]"
1751,"[1, 1, 1, 0, 0, 0]"
1752,"[0, 0, 1, 1, 1, 0]"
1753,"[1, 1, 1, 1, 0, 0]"
1754,"[0, 1, 1, 0, 1, 1]"
1755,"[1, 0, 1, 1, 1, 1]"
1756,"[1, 0, 1, 1, 0, 0]"
1757,"[1, 1, 0, 0, 1, 0]"
1758,"[0, 1, 1, 1, 0, 0]"
1759,"[0, 1, 1, 0, 1, 1]"
1760,"[0, 1, 1, 0, 1, 1]"
1761,"[1, 0, 0, 1, 0, 1]"
1762,"[1, 0, 0, 0, 1, 1]"
1763,"[1, 1, 1, 0, 1, 1]"
1764,"[0, 0, 0, 1, 1, 0]"
1765,"[0, 0, 1, 0, 1, 0]"
1766,"[0, 0, 0, 0, 0, 1]"
1767,"[1, 1, 0, 1, 1, 1]"
1768,"[1, 1, 1, 1, 0, 1]"
1769,"[0, 0, 0, 0, 0, 1]"
1770,"[1, 0, 1, 0, 0, 0]"
1771,"[0, 0, 0, 0, 1, 0]"
1772,"[1, 1, 0, 0, 1, 1]"
1773,"[1, 0, 0, 0, 0, 0]"
1774,"[0, 0, 0, 1, 1, 0]"
1775,"[1, 1, 1, 0, 1, 1]"
1776,"[0, 1, 0, 1, 0, 1]"
1777,"[1, 0, 0, 0, 0, 0]"
1778,"[0, 1, 0, 0, 0, 0]"
1779,"[0, 0, 1, 1, 1, 0]"
1780,"[1, 0, 1, 0, 0, 0]"
1781,"[1, 1, 1, 0, 1, 1]"
1782,"[1, 1, 0, 0, 1, 1]"
1783,"[0, 1, 0, 1, 1, 0]"
1784,"[1, 0, 0, 1, 0, 0]"
1785,"[1, 0, 0, 1, 0, 1]"
1786,"[0, 1, 0, 0, 0, 0]"
1787,"[1, 1, 0, 0, 1, 0]"
1788,"[1, 1, 1, 0, 1, 0]"
1789,"[1, 1, 1, 1, 0, 1]"
1790,"[0, 1, 0, 0, 0, 0]"
1791,"[0, 0, 1, 0, 0, 0]"
1792,"[1, 0, 0, 1, 1, 0]"
1793,"[0, 1, 1, 1, 1, 0]"
1794,"[0, 1, 1, 1, 0, 1]"
1795,"[1, 0, 1, 1, 1, 1]"
1796,"[0, 0, 0, 0, 0, 1]"
1797,"[0, 0, 1, 1, 0, 1]"
1798,"[1, 0, 0, 1, 0, 0]"
1799,"[0, 1, 0, 1, 0, 0]"
1800,"[0, 0, 1, 1, 0, 1]"
1801,"[0, 1, 0, 1, 1, 1]"
1802,"[1, 1, 1, 0, 1, 0]"
1803,"[0, 1, 1, 0, 1, 1]"
1804,"[0, 1, 0, 0, 0, 1]"
1805,"[1, 1, 0, 0, 1, 0]"
1806,"[0, 0, 0, 0, 0, 1]"
1807,"[0, 1, 1, 1, 1, 1]"
1808,"[0, 1, 1, 1, 0, 0]"
1809,"[1, 1, 1, 1, 1, 0]"
1810,"[1, 0, 1, 0, 0, 1]"
1811,"[0, 1, 0, 1, 0, 0]"
1812,"[1, 1, 0, 1, 0, 1]"
1813,"[1, 1, 1, 1, 0, 1]"
1814,"[1, 0, 1, 1, 1, 1]"
1815,"[1, 0, 1, 1, 0, 1]"
1816,"[1, 0, 1, 0, 1, 1]"
1817,"[0, 1, 0, 1, 1, 0]"
1818,"[1, 1, 0, 1, 0, 1]"
1819,"[0, 0, 0, 0, 1, 1]"
1820,"[1, 0, 0, 1, 1, 0]"
1821,"[1, 1, 1, 1, 0, 0]"
1822,"[1, 1, 1, 0, 1, 0]"
1823,"[1, 1, 0, 0, 0, 1]"
1824,"[1, 0, 1, 1, 1, 0]"
1825,"[0, 1, 0, 1, 1, 1]"
1826,"[0, 0, 1, 0, 0, 0]"
1827,"[1, 1, 0, 0, 0, 0]"
1828,"[1, 1, 0, 0, 1, 1]"
1829,"[0, 1, 0, 0, 1, 1]"
1830,"[0, 1, 1, 0, 1, 1]"
1831,"[1, 0, 0, 1, 0, 1]"
1832,"[0, 1, 1, 1, 0, 0]"
1833,"[0, 0, 1, 1, 0, 1]"
1834,"[1, 1, 0, 1, 1, 0]"
1835,"[0, 1, 1, 1, 1, 1]"
1836,"[0, 1, 1, 1, 1, 1]"
1837,"[1, 1, 0, 0, 0, 0]"
1838,"[1, 1, 0, 0, 1, 0]"
1839,"[0, 0, 0, 0, 0, 0]"
1840,"[1, 0, 0, 0, 1, 0]"
1841,"[1, 1, 1, 0, 1, 0]"
1842,"[0, 1, 0, 1, 0, 1]"
1843,"[0, 0, 0, 0, 0, 0]"
1844,"[0, 1, 0, 0, 0, 0]"
1845,"[1, 0, 0, 1, 1, 1]"
1846,"[0, 1, 1, 0, 1, 1]"
1847,"[0, 0, 0, 1, 0, 1]"
1848,"[0, 1, 1, 0, 1, 0]"
1849,"[1, 0, 1, 1, 0, 0]"
1850,"[0, 0, 0, 0, 0, 0]"
1851,"[0, 0, 0, 0, 1, 0]"
1852,"[0, 0, 0, 0, 0, 0]"
1853,"[0, 1, 0, 0, 1, 1]"
1854,"[0, 0, 1, 0, 0, 0]"
1855,"[1, 0, 0, 0, 1, 0]"
1856,"[0, 1, 1, 0, 1, 0]"
1857,"[0, 1, 1, 0, 1, 0]"
1858,"[0, 1, 0, 1, 1, 0]"
1859,"[0, 0, 0, 0, 1, 1]"
1860,"[1, 1, 1, 0, 1, 1]"
1861,"[1, 0, 0, 0, 1, 0]"
1862,"[0, 1, 1, 1, 0, 0]"
1863,"[1, 0, 1, 0, 1, 1]"
1864,"[1, 0, 0, 1, 1, 1]"
1865,"[0, 0, 1, 0, 0, 0]"
1866,"[0, 1, 1, 1, 0, 0]"
1867,"[0, 1, 1, 1, 1, 0]"
1868,"[0, 1, 1, 1, 0, 0]"
1869,"[0, 0, 1, 1, 0, 1]"
1870,"[0, 1, 1, 0, 1, 0]"
1871,"[0, 1, 0, 1, 1, 1]"
1872,"[0, 1, 0, 0, 0, 0]"
1873,"[0, 1, 0, 1, 1, 0]"
1874,"[0, 0, 1, 1, 1, 1]"
1875,"[1, 1, 1, 0, 1, 0]"
1876,"[1, 1, 0, 0, 1, 0]"
1877,"[0, 0, 0, 0, 1, 0]"
1878,"[1, 0, 1, 0, 0, 0]"
1879,"[1, 1, 1, 0, 0, 1]"
1880,"[1, 0, 0, 1, 1, 0]"
1881,"[1, 0, 1, 1, 1, 0]"
1882,"[1, 1, 1, 1, 0, 1]"
1883,"[0, 1, 0, 1, 0, 0]"
1884,"[1, 1, 1, 0, 0, 1]"
1885,"[1, 0, 1, 1, 0, 0]"
1886,"[0, 1, 0, 0, 1, 1]"
1887,"[0, 1, 1, 1, 0, 0]"
1888,"[0, 0, 1, 0, 0, 0]"
1889,"[1, 1, 0, 0, 0, 1]"
1890,"[1, 1, 0, 0, 1, 1]"
1891,"[1, 0, 0, 0, 0, 0]"
1892,"[0, 0, 1, 0, 1, 0]"
1893,"[1, 0, 1, 0, 1, 1]"
1894,"[1, 0, 0, 1, 0, 1]"
1895,"[0, 1, 0, 0, 0, 0]"
1896,"[0, 1, 1, 1, 0, 0]"
1897,"[1, 0, 0, 0, 1, 1]"
1898,"[0, 1, 0, 1, 1, 1]"
1899,"[1, 1, 0, 0, 1, 1, 1]"
1900,"[0, 1, 1, 1, 0, 1, 1]"
1901,"[0, 0, 0, 1, 1, 1, 0]"
1902,"[1, 1, 0, 1, 1, 1, 1]"
1903,"[1, 1, 1, 0, 1, 0, 0]"
1904,"[1, 0, 1, 0, 1, 0, 1]"
1905,"[0, 0, 0, 0, 1, 1, 0]"
1906,"[1, 0, 1, 1, 1, 0, 1]"
1907,"[0, 1, 0, 1, 1, 0, 0]"
1908,"[0, 0, 1, 1, 0, 1, 0]"
1909,"[0, 0, 0, 0, 0, 0, 0]"
1910,"[0, 0, 0, 0, 0, 0, 1]"
1911,"[1, 1, 0, 0, 0, 0, 1]"
1912,"[1, 1, 0, 0, 0, 1, 1]"
1913,"[0, 1, 1, 0, 1, 0, 0]"
1914,"[1, 1, 0, 1, 1, 0, 0]"
1915,"[1, 0, 0, 1, 0, 1, 1]"
1916,"[0, 0, 0, 1, 0, 0, 0]"
1917,"[0, 0, 1, 0, 1, 0, 1]"
1918,"[0, 1, 1, 0, 0, 1, 1]"
1919,"[1, 0, 1, 1, 1, 1, 0]"
1920,"[0, 1, 0, 0, 0, 0, 0]"
1921,"[1, 1, 1, 0, 1, 0, 1]"
1922,"[0, 1, 1, 0, 1, 0, 0]"
1923,"[1, 0, 1, 1, 1, 0, 1]"
1924,"[1, 1, 0, 0, 1, 0, 0]"
1925,"[1, 1, 0, 1, 0, 0, 1]"
1926,"[1, 1, 1, 1, 0, 0, 1]"
1927,"[1, 1, 0, 1, 0, 1, 0]"
1928,"[1, 1, 1, 1, 0, 1, 0]"
1929,"[0, 0, 1, 0, 1, 0, 1]"
1930,"[1, 0, 1, 1, 0, 1, 1]"
1931,"[1, 1, 1, 0, 0, 1, 1]"
1932,"[1, 0, 0, 0, 1, 0, 1]"
1933,"[1, 0, 1, 1, 1, 0, 0]"
1934,"[1, 1, 0, 0, 1, 1, 0]"
1935,"[1, 0, 0, 1, 1, 1, 0]"
1936,"[1, 1, 1, 1, 0, 1, 1]"
1937,"[0, 0, 0, 0, 0, 0, 1]"
1938,"[1, 0, 0, 1, 0, 0, 0]"
1939,"[0, 1, 1, 0, 0, 1, 0]"
1940,"[0, 1, 0, 0, 1, 1, 1]"
1941,"[1, 0, 0, 0, 0, 1, 1]"
1942,"[1, 1, 1, 1, 1, 0, 1]"
1943,"[0, 1, 1, 0, 1, 0, 1]"
1944,"[1, 0, 1, 1, 1, 1, 1]"
1945,"[0, 0, 1, 0, 1, 1, 1]"
1946,"[1, 0, 1, 1, 0, 0, 1]"
1947,"[1, 0, 0, 1, 0, 0, 1]"
1948,"[1, 1, 1, 0, 1, 0, 1]"
1949,"[0, 0, 0, 0, 0, 1, 0]"
1950,"[1, 0, 0, 0, 1, 0, 1]"
1951,"[0, 0, 0, 0, 0, 1, 0]"
1952,"[1, 1, 0, 0, 0, 0, 1]"
1953,"[1, 0, 1, 0, 0, 0, 1]"
1954,"[0, 0, 0, 0, 0, 0, 1]"
1955,"[1, 1, 1, 0, 0, 0, 1]"
1956,"[1, 1, 0, 0, 1, 0, 0]"
1957,"[1, 1, 0, 1, 1, 0, 0]"
1958,"[1, 1, 0, 1, 1, 1, 1]"
1959,"[1, 1, 0, 0, 0, 1, 1]"
1960,"[0, 1, 1, 1, 1, 0, 1]"
1961,"[1, 0, 1, 0, 0, 1, 0]"
1962,"[0, 1, 1, 1, 0, 1, 0]"
1963,"[0, 0, 1, 0, 0, 1, 0]"
1964,"[0, 1, 0, 0, 1, 1, 1]"
1965,"[0, 1, 1, 1, 1, 0, 0]"
1966,"[1, 0, 1, 0, 1, 0, 1]"
1967,"[0, 1, 0, 1, 1, 1, 1]"
1968,"[1, 1, 1, 0, 1, 1, 0]"
1969,"[0, 0, 1, 0, 1, 1, 0]"
1970,"[0, 0, 1, 1, 1, 1, 0]"
1971,"[1, 0, 1, 0, 0, 0, 0]"
1972,"[0, 1, 0, 0, 1, 1, 1]"
1973,"[0, 1, 0, 1, 0, 1, 1]"
1974,"[0, 0, 0, 1, 1, 1, 0]"
1975,"[1, 0, 1, 0, 0, 1, 1]"
1976,"[0, 0, 1, 0, 1, 0, 0]"
1977,"[1, 1, 1, 0, 1, 1, 1]"
1978,"[1, 0, 0, 0, 0, 0, 1]"
1979,"[0, 1, 1, 1, 1, 0, 1]"
1980,"[0, 1, 1, 0, 0, 0, 1]"
1981,"[0, 1, 1, 1, 1, 1, 1]"
1982,"[0, 1, 1, 1, 0, 0, 1]"
1983,"[0, 1, 1, 0, 1, 0, 0]"
1984,"[1, 0, 1, 1, 0, 0, 0]"
1985,"[0, 0, 1, 1, 1, 1, 1]"
1986,"[1, 1, 1, 0, 0, 0, 0]"
1987,"[0, 0, 1, 1, 0, 0, 0]"
1988,"[0, 0, 1, 0, 0, 0, 0]"
1989,"[0, 0, 1, 0, 1, 1, 1]"
1990,"[1, 1, 1, 0, 1, 1, 1]"
1991,"[0, 1, 0, 1, 0, 1, 0]"
1992,"[1, 0, 1, 0, 1, 0, 1]"
1993,"[1, 1, 0, 0, 1, 1, 1]"
1994,"[0, 1, 1, 0, 0, 0, 0]"
1995,"[0, 1, 1, 1, 0, 1, 0]"
1996,"[1, 1, 1, 0, 0, 0, 1]"
1997,"[0, 1, 0, 0, 0, 1, 1]"
1998,"[0, 0, 0, 0, 1, 0, 1]"
1999,"[1, 1, 0, 0, 1, 1, 1]"
2000,"[0, 0, 1, 0, 1, 1, 0]"
2001,"[1, 1, 0, 0, 1, 1, 0]"
2002,"[0, 0, 0, 1, 0, 1, 0]"
2003,"[0, 0, 0, 0, 0, 0, 0]"
2004,"[1, 1, 0, 0, 1, 1, 1]"
2005,"[1, 1, 0, 0, 1, 1, 0]"
2006,"[0, 1, 0, 1, 0, 1, 0]"
2007,"[0, 0, 0, 0, 1, 1, 1]"
2008,"[0, 0, 0, 1, 1, 1, 1]"
2009,"[1, 0, 1, 1, 0, 1, 1]"
2010,"[0, 1, 0, 0, 0, 0, 0]"
2011,"[0, 1, 0, 0, 1, 0, 1]"
2012,"[1, 0, 0, 0, 0, 0, 0]"
2013,"[0, 1, 0, 1, 0, 1, 1]"
2014,"[0, 1, 0, 1, 1, 1, 1]"
2015,"[0, 1, 0, 1, 1, 0, 0]"
2016,"[0, 0, 0, 1, 1, 0, 0]"
2017,"[0, 0, 1, 1, 0, 1, 1]"
2018,"[0, 0, 0, 1, 0, 1, 1]"
2019,"[1, 1, 0, 0, 1, 0, 1]"
2020,"[1, 1, 1, 0, 1, 0, 1]"
2021,"[0, 1, 0, 0, 1, 0, 0]"
2022,"[1, 0, 1, 0, 1, 0, 0]"
2023,"[1, 0, 1, 1, 0, 0, 0]"
2024,"[0, 1, 0, 1, 0, 0, 1]"
2025,"[0, 0, 0, 1, 1, 0, 1]"
2026,"[1, 1, 0, 1, 1, 0, 0]"
2027,"[1, 1, 0, 1, 0, 0, 0]"
2028,"[0, 1, 1, 0, 0, 0, 0]"
2029,"[1, 0, 0, 1, 0, 1, 1]"
2030,"[1, 0, 1, 1, 0, 1, 0]"
2031,"[1, 1, 0, 1, 0, 1, 0]"
2032,"[0, 0, 0, 1, 1, 0, 1]"
2033,"[0, 0, 1, 0, 0, 0, 1]"
2034,"[0, 1, 0, 1, 1, 0, 0]"
2035,"[1, 0, 1, 0, 0, 1, 0]"
2036,"[0, 1, 0, 1, 1, 1, 1]"
2037,"[0, 1, 0, 1, 0, 1, 0]"
2038,"[1, 0, 0, 0, 0, 1, 0]"
2039,"[0, 1, 0, 1, 0, 1, 1]"
2040,"[0, 1, 1, 1, 1, 1, 0]"
2041,"[1, 0, 0, 1, 1, 1, 0]"
2042,"[0, 0, 0, 1, 1, 0, 0]"
2043,"[1, 1, 0, 1, 1, 0, 0]"
2044,"[0, 1, 1, 1, 1, 1, 1]"
2045,"[1, 0, 0, 1, 1, 1, 1]"
2046,"[1, 0, 1, 0, 0, 0, 0]"
2047,"[0, 0, 0, 0, 1, 1, 1]"
2048,"[1, 0, 0, 0, 1, 0, 1]"
2049,"[1, 0, 1, 1, 0, 1, 1]"
2050,"[0, 0, 1, 1, 0, 0, 0]"
2051,"[1, 0, 1, 1, 0, 1, 1]"
2052,"[1, 1, 1, 1, 1, 1, 1]"
2053,"[1, 1, 0, 0, 1, 0, 1]"
2054,"[0, 1, 0, 0, 0, 1, 1]"
2055,"[1, 1, 1, 0, 1, 1, 1]"
2056,"[0, 1, 1, 0, 0, 0, 1]"
2057,"[0, 1, 0, 0, 0, 1, 1]"
2058,"[1, 1, 1, 1, 0, 0, 0]"
2059,"[1, 1, 1, 0, 1, 1, 0]"
2060,"[1, 0, 1, 0, 1, 1, 1]"
2061,"[1, 1, 0, 0, 0, 1, 1]"
2062,"[1, 1, 1, 1, 0, 0, 1]"
2063,"[1, 1, 1, 0, 0, 0, 1]"
2064,"[1, 0, 1, 1, 0, 1, 0]"
2065,"[0, 0, 0, 1, 0, 1, 0]"
2066,"[0, 0, 0, 1, 1, 0, 0]"
2067,"[1, 1, 0, 0, 1, 1, 1]"
2068,"[1, 0, 0, 1, 0, 1, 1]"
2069,"[1, 0, 0, 1, 0, 1, 1]"
2070,"[1, 1, 1, 1, 0, 1, 0]"
2071,"[1, 0, 0, 1, 0, 0, 0]"
2072,"[0, 1, 1, 0, 1, 0, 1]"
2073,"[0, 1, 1, 1, 0, 1, 0]"
2074,"[1, 1, 1, 0, 1, 0, 0]"
2075,"[1, 0, 0, 0, 0, 0, 1]"
2076,"[0, 0, 1, 1, 1, 1, 0]"
2077,"[1, 1, 0, 0, 1, 1, 1]"
2078,"[1, 0, 0, 0, 1, 0, 1]"
2079,"[1, 1, 1, 0, 0, 1, 0]"
2080,"[1, 0, 1, 1, 0, 0, 1]"
2081,"[1, 0, 1, 0, 0, 1, 1]"
2082,"[0, 1, 1, 0, 1, 0, 0]"
2083,"[1, 0, 0, 0, 0, 1, 1]"
2084,"[1, 0, 0, 0, 0, 1, 1]"
2085,"[0, 1, 1, 0, 1, 1, 0]"
2086,"[1, 1, 0, 1, 1, 1, 1]"
2087,"[1, 0, 0, 1, 1, 1, 0]"
2088,"[0, 0, 1, 0, 0, 0, 1]"
2089,"[1, 0, 0, 0, 0, 1, 0]"
2090,"[0, 0, 1, 1, 0, 1, 0]"
2091,"[1, 0, 0, 0, 0, 0, 0]"
2092,"[1, 0, 0, 0, 0, 0, 0]"
2093,"[0, 1, 1, 0, 1, 0, 0]"
2094,"[1, 1, 0, 1, 1, 0, 1]"
2095,"[0, 0, 0, 0, 0, 0, 1]"
2096,"[1, 1, 0, 0, 0, 0, 1]"
2097,"[0, 1, 0, 0, 1, 0, 1]"
2098,"[0, 0, 0, 1, 1, 1, 0]"
